id	key	name	category	vanilla_owner	provinces
1	STATE_1	Corsica	town	FRA	3838 9851 11804
2	STATE_2	Lazio	city	ITA	923 6862 9794 9904 11751 11846 11882 13298 13526
3	STATE_3	Romandy	large_city	SWI	636 3612 6635 6666 6683 9587 9618 9620 9622 9638 11570 11590 11604 13842
4	STATE_4	Lower Austria	large_city	AUS	653 704 3700 3718 6690 6739 9527 9646 9648 9661 9679 11630 11666 13796
5	STATE_5	East Prussia	town	PRU	266 395 3351 3380 3384 6332 6375 6402 9327 9346 9372 9398 11245 11386
6	STATE_6	Flanders	metropolis	BEL	516 3576 6446 6560 6598 9574 11419 13068
7	STATE_7	Noord-Holland	metropolis	HOL	68 391 3211 3314 9498
8	STATE_8	Luxemburg	town	LUX	6583
9	STATE_9	Bohemia	large_city	AUS	445 494 583 3462 6418 6440 6592 9414 9421 9429 9541 9569 11542 11556
10	STATE_10	Mazowsze	large_city	RUS	467 524 3482 3544 6511 9400 9508 11492 12562
11	STATE_11	Kaunas	town	RUS	327 3272 6296 9246 9295 9357 9374 9404 9438 11226 11498
12	STATE_12	Vidzeme	city	RUS	222 310 319 341 3255 3298 3388 6459 7482 9240 9275 9317 9340 9501 10323 10493 11222 11302 11358
13	STATE_13	Harju	town	RUS	83 185 308 496 567 3074 3152 3174 6201 6381 9079 11127 11291 11426
14	STATE_14	Bretagne	city	FRA	542 3552 3758 6536 6548 6572 9495 9510 9525 11508
15	STATE_15	Basse-Normandie	city	FRA	485 539 553 3534 3549 3579 6449 6569 6599 9434 9550 9578 11521 11535 11563
16	STATE_16	Ile de France	metropolis	FRA	6547 6949 9507 9523 9534 9725 11491 11506 11518 13368
17	STATE_17	Franche-Comté	city	FRA	521 698 3646 3666 6698 9642 9658 11488 11516 11642
18	STATE_18	Champagne	city	FRA	551 3533 3546 3560 5291 6531 6545 9472 9490 9505 11732 13011
19	STATE_19	Aquitaine	city	FRA	743 6621 6762 6777 9710 9737 11565
20	STATE_20	Rhone	city	FRA	641 3650 3770 6613 6639 6668 6786 9590 9728 9732 11593 11716 11794
21	STATE_21	Provence	city	FRA	911 956 958 3762 3928 11834 11849 11875
22	STATE_22	Languedoc-Roussillion	town	FRA	752 760 3751 3754 3948 6770 6960 6962 9723 9898 11709 11711 11877
23	STATE_23	Charente	town	FRA	595 629 655 3659 6657 9597 9631 11582 11596 11600
24	STATE_24	Centre	large_town	FRA	512 3493 3671 6518 6533 6688 9492 11611 11631
25	STATE_25	Gascogne	large_town	FRA	620 625 755 3598 3771 6618 6773 6775 6792 9717 9734 9751 11718 11720
26	STATE_26	Auvergne	town	FRA	590 769 3594 6644 6789 9593 9607 9748 11576
27	STATE_27	Burgundy	city	FRA	648 667 680 817 3506 3652 3669 3681 9609 9625 9644 11628
28	STATE_28	Alsace-Lorraine	city	ALS	549 678 1346 3629 6529 9503 9559 11502 11531
29	STATE_29	Picardie	large_city	FRA	575 3476 3536 6504 9500 11483 11548 11606
30	STATE_30	Maine	city	FRA	503 527 3495 3509 3523 9478 9867 11463 11465 11613 11616
31	STATE_31	Pyrenees	city	FRA	929 943 3740 3749 3915 3946 6759 6766 6915 6917 6931 9853 9882 9884 11697 11699 11702 12169
32	STATE_32	Alpes	town	FRA	762 780 3589 3768 6784 11713
33	STATE_33	Limousin	town	FRA	651 669 3621 3626 3655 6648 6651 9629 11869
34	STATE_34	Namur	large_city	BEL	3488 3516 6537 9418 9444 9536 11407 11519 13081
35	STATE_35	Brabant	city	HOL	480 3262 6496 6500 9431 11456 11562
36	STATE_36	Friesland	city	HOL	6241 6286 6336 9309 9335 9363 9403 11318
37	STATE_37	Sjaelland	large_city	DEN	3260 3305 3325 3374 6287 6393
38	STATE_38	Norrland	town	SWE	46 49 77 113 114 125 130 156 168 184 202 205 3005 3039 3045 3070 3108 3111 3148 3162 3191 6010 6023 6063 6067 6093 6123 6126 6129 6147 6185 6207 9035 9051 9066 9068 9088 9117 9141 9148 9151 9154 9171 9173 9182 9193 9229 11040 11049 11052 11053 11091 11116 11120 11123 11129 11147 11148 11185 11187 11197 11209
39	STATE_39	South Tyrol	town	ITA	656 6631 6675 9598 9630 11598 11615
40	STATE_40	Barnaul	large_town	SOV	1297 1779 1794 1797 4803 7680 10537 10546 11410 12515 12528 12613
41	STATE_41	Madrid Area	city	SPR	794 858 896 939 977 3794 3845 3858 3874 3938 3986 6841 6914 6993 9767 9785 9933 11820 11870
42	STATE_42	Palatinate (Prussia)	metropolis	PRU	9575 11435 11470 11494 13448
43	STATE_43	North Hungary	large_city	HUN	684 716 3713 3731 6716 6751 9660 9690 11520
44	STATE_44	Albania	town	OTT	3884 3896 9780 9875 9914 11762 11767 13853 13869
45	STATE_45	Vojvodina	town	HUN	619 3617 3623 9608 9621 11580
46	STATE_46	Muntenia	city	ROM	660 674 818 3076 3636 3639 3663 6658 6677 6695 9617 9635 9651 11603 11619 11636 13673
47	STATE_47	Central Greece	city	GRE	863 976 1109 3864 3973 3988 4109 6930 7127 13865 13866 13867
48	STATE_48	Sofia	city	BUL	793 935 949 965 3908 3971 9771 11754 13849 13861
49	STATE_49	Angora	town	TUR	804 909 3907 3951 6808 6908 6925 9806 9901 11747 11784
50	STATE_50	Wurttemberg (Wurttemberg)	large_city	WUR	519 694 3690 6555 6581 9545 9655 11486 11499
51	STATE_51	Rhineland	metropolis	PRU	529 587 3444 3512 3547 6469 6570 9482 9522
52	STATE_52	Upper Bavaria	city	BAV	692 707 708 3688 3705 6540 6693 9652 9666 11620 11638 11653
53	STATE_53	Lower Bavaria	city	BAV	532 571 586 3299 3541 3571 6725 9515 9681 11497
54	STATE_54	Franken (Bavaria)	city	BAV	561 3474 6594 9416 9557 9572 11404 11417 11529 11544
55	STATE_55	Eastern Hesse (Prussia)	large_city	PRU	564 3397 3524 6444 6488 9524 9547 11445 11533 13665
56	STATE_56	Weser-Ems (Prussia)	city	PRU	247 3234 9281 11233 11264 11360 11388 13839
57	STATE_57	Westphalia (Prussia)	large_city	PRU	495 3398 6535 6622 9509 11346 11431
58	STATE_58	Schleswig (Prussia)	large_city	PRU	317 3231 3368 6257 6389 9320 11251 11366
59	STATE_59	Hannover (Prussia)	large_city	PRU	374 3271 3326 3395 6218 6263 6298 6325 6349 6377 6513 9238 9264 9375 11402 11493
60	STATE_60	Thuringia (Prussia)	large_city	PRU	3561 6582
61	STATE_61	Mecklenburg-Schwerin (Mecklenburg-Schwerin)	town	MKS	293 321 9294 11276 11305
62	STATE_62	Pomerania	town	PRU	349 3207 3258 3312 3340 9388
63	STATE_63	Eastern Pomerania	town	PRU	6282 6309 6334 6390 9252 9277 9306 9334 9361 11260 11288 11316 11343 11372
64	STATE_64	Brandenburg (Prussia)	megalopolis	PRU	375 478 3367 3499 3522 6521 9428 9456 9496 11219 11359 11415 11444 11505 13497
65	STATE_65	Saxony (Prussia)	metropolis	PRU	514 3514 3535 6441 9535 11545
66	STATE_66	Lower Silesia	large_city	PRU	552 3283 3438 3485 3510 3545 6462 6534 6595 9470 9570 11517
67	STATE_67	Upper Silesia	city	PRU	479 506 6512 9457 9511 11467 13663
68	STATE_68	Ostmark	city	PRU	444 537 3473 3572 6236 9387 11478
69	STATE_69	Sudetenland	town	AUS	424 469 543 557 3418 3585 5283 6470 7857 9555 11401 11414 11432 11525
70	STATE_70	West Slovakia	city	HUN	541 3484 3537 9539 9692 11522 11539
71	STATE_71	East Slovakia	rural	HUN	555 581 3550 3581 6586 6604 11554
72	STATE_72	Olsagebiet	rural	AUS	9551 9567
73	STATE_73	Subcarpathia	rural	HUN	3548 6571 9563 11536 11691
74	STATE_74	Moravian Silesia	rural	AUS	421 3414 3583 6485
75	STATE_75	Moravia	city	AUS	569 3553 3569 6562 6576 6590 11511
76	STATE_76	North Transylvania	town	HUN	713 727 746 3696 3709 6711 6714 6731 9672 9685 9687 9704 11676
77	STATE_77	Southern Dobrudja	rural	BUL	657 9614 11597
78	STATE_78	Bessarabia	town	RUS	414 565 3577 3707 6600 9683 11686 11705 13681
79	STATE_79	Moldova (Romania)	rural	ROM	711 744 3407 3689 3728 3741 6584 6706 6729 6747 6761 9701 9716 11534 11652 11655 11672 11689 13678
80	STATE_80	Bukowina	rural	AUS	577 9548 13676 13677
81	STATE_81	Oltenia	rural	ROM	637 3630 3645 6652 6667 11588 11605 11657 13674
82	STATE_82	East Banat	rural	HUN	646 662 3649 9606 11592 11608 13672
83	STATE_83	Kreischgebiet	town	HUN	696 6682 6697 9640
84	STATE_84	South Transylvania	town	HUN	676 690 693 3665 3676 3694 6679 6709 9619 9668 9670 11622 11639
85	STATE_85	Pomerellen	city	PRU	243 279 334 362 389 3295 3324 6347 9263
86	STATE_86	Posen	city	PRU	17 388 3381 3460 3532 6558 9532 11232 11558
87	STATE_87	Kalisz	town	RUS	493 584 9439 9546 11428 11515
88	STATE_88	West Galicia	large_city	AUS	417 442 466 3410 3434 6499 6522 9412 9427 9494 11398 11413 11507
89	STATE_89	South Galicia	town	AUS	3743 6431 6460 6483 9425 11411 11550
90	STATE_90	Kielce	town	RUS	562 3458 3497 3586 6416 6464 11430 11532
91	STATE_91	East Galicia	city	AUS	438 491 536 3483 3562 9454 9468 9558 11427 11479
92	STATE_92	Lublin	town	RUS	3521 3559 6484 6580 9452 9521 11399
93	STATE_93	Wolyn	town	RUS	422 474 513 572 3412 6435 6520 6557 11441 11543
94	STATE_94	Polesie	rural	RUS	535 560 3256 3309 3392 3496 3556 6280 6306 6415 6546 6579 9520 9544 11285 11466 11503 11528
95	STATE_95	Nowogrodek	rural	RUS	318 3281 3366 3393 6359 6413 9236 9274 9304 9359 11341 13206
96	STATE_96	Wilno	rural	RUS	233 277 358 406 3320 6340 9341 11342 11391
97	STATE_97	Bialystok	rural	RUS	290 347 400 402 3254 6281 11247 11274 11301 11312 11329 11357
98	STATE_98	Plock	rural	RUS	548 3230 6259 6321 6401 6567 9290 9316 11385
99	STATE_99	Jutland	town	DEN	316 332 394 399 3206 3277 3341 6235 6364
100	STATE_100	Iceland	rural	DEN	4861 12674 12689
101	STATE_101	Greenland	wasteland	DEN	10245 10636 12512 13058 13066
102	STATE_102	Carniola	large_town	AUS	596 665 3631 3654 6650 6672 9596 9627
103	STATE_103	North Dalmatia	large_town	AUS	591 984 3601 3868 3924 3974 6611 6889 11564 11816 11901 13782
104	STATE_104	West Bosnia (Bosnia and Herzegovina)	town	BOS	606 953 982 3985 6799 6942 6957 6983 9586 9588 9591 9894 9922 11572 11574 11741 11845 11872 11899 13779 13781 13852 13872 13873 13874 13875 13876 13877 13878 13879
105	STATE_105	Ipek (Montenegro)	rural	MTN	9809 9821 11858 13778 13780
106	STATE_106	Macedonia	rural	OTT	833 867 907 974 3833 3865 3882 6857 6886 11856 13819 13848
107	STATE_107	Belgrade	large_city	SER	797 3609 3956 3984 9599 11583 11586
108	STATE_108	Morava (Serbia)	town	SER	630 3939 6634 6953 6970 6998 9602 9756 9906 11857 11868 11887 13675 13850 13851 13854 13855
109	STATE_109	Slavonia	large_town	CRO	624 3592 3596 3627 6647 9595 9611 11577 11581 11594
110	STATE_110	Ostlandet	city	NOR	10 14 27 100 111 133 144 179 3007 3021 3059 3094 3105 3136 3171 6042 6072 6080 6114 6115 6136 6151 6160 6184 9032 9036 9103 9135 9157 9174 9204 9227 11028 11029 11037 11078 11113 11135 11151 11184 11206
111	STATE_111	Uusimaa	city	FIN	32 52 67 169 204 3009 3025 3061 3083 3117 3137 3161 6009 6047 6066 6082 6108 6144 6163 6186 9073 9094 9129 9160 9167 9183 9194 11056 11066 11105 11138 11172 11211
112	STATE_112	Lisbon	city	POR	799 924 970 3798 3861 6924 11805
113	STATE_113	Leinster	city	ENG	285 303 369 3342 3359 7377 11293 11303
114	STATE_114	Sardinia	town	ITA	902 6891 9772 9863 11755 11773 11824 11874
115	STATE_115	Sicily	city	ITA	1009 1156 3857 4014 4159 7059 7147 10074 12047
116	STATE_116	Malta	small_island	ENG	12003
117	STATE_117	Campania	city	ITA	819 851 883 955 3958 3968 6843 6939 6972 6980 9826 11803
118	STATE_118	Gibraltar	enclave	ENG	4135
119	STATE_119	Northern Ireland	rural	ENG	276 385 3242 3329 3379 11257
120	STATE_120	Scottish Highlands	rural	ENG	131 284 3159 3178 3373 6046 6062 6104 6196 6205 9075 9090 11064 11161 11266
121	STATE_121	Lothian	city	ENG	159 6300 9314 9383 9392 11378
122	STATE_122	Wales	city	ENG	253 311 377 407 3274 6363 9364 11361
123	STATE_123	Cornwall	town	ENG	540 3422 3463 6526 9562 11406
124	STATE_124	Gotland	small_island	SWE	408 6258
125	STATE_125	East Anglia	city	ENG	221 271 296 322 3287 11221 11253
126	STATE_126	Greater London Area	megalopolis	ENG	6103 9239 11333 11374
127	STATE_127	Sussex	large_city	ENG	507 3501 6489 9458 11446 13070
128	STATE_128	West Midlands	metropolis	ENG	3241 3301 6270 6301 7239 9297 11345
129	STATE_129	East Midlands	city	ENG	364 3353 6237 9250 9268 9322 11279
130	STATE_130	Yorkshire	metropolis	ENG	6268 9269 9315 9332 9379 9397 11297 11317 11382
131	STATE_131	Northern England	city	ENG	219 351 6399 9285 11270 11299 11332
132	STATE_132	Lancashire	metropolis	ENG	3205 3311 6318 6335 6384
133	STATE_133	Lanark	city	ENG	3273 6320 6350 6385 6395 9237 9350 11218
134	STATE_134	Connaught	town	ENG	337 3396 9255 9303 9321 9369 11238 11287 11371
135	STATE_135	Munster	town	ENG	6289 6313 6405 7394 9284 9310 9405 11237 11267 11334
136	STATE_136	Aberdeenshire	town	ENG	200 3150 9161 11055 11136 11207 11306
137	STATE_137	Crimea	city	RUS	705 3686 3722 6704 6724 9677 9680 9718 11649
138	STATE_138	Scania	city	SWE	3307 6120 6345 6361 6412 9279 9300 9362 11160 11215 11327 11376
139	STATE_139	Smaland	town	SWE	211 242 299 329 363 3229 6148 6311 6397 9251 9308 9329 9393 9406 9410 11231 11280 11289 11311 11380 11390
140	STATE_140	Vastergotland	city	SWE	69 147 171 295 383 3063 3128 3141 3286 3375 3386 6028 6195 6310 6331 6406 9054 9138 9218 11070 11114
141	STATE_141	Svealand	city	SWE	35 161 3106 3182 6050 6084 6127 6164 6188 6209 9109 9149 9185 9209 11044 11082 11163 11188 11278
142	STATE_142	Vestlandet	town	NOR	53 65 102 122 137 188 199 3049 3090 3093 3096 3114 3129 3180 3188 3192 6145 6176 6204 6216 9047 9096 9127 9170 9196 9216 9296 11100 11101 11176 11198 11367
143	STATE_143	Trondelag	rural	NOR	21 107 115 3018 3022 3098 3183 6038 6041 6116 6118 6173 9069 9132 9139 11118 11173
144	STATE_144	Nord-Norge	rural	NOR	22 38 44 64 76 91 128 173 192 2995 3016 3034 3040 3048 3058 3082 3088 3126 3132 3145 6015 6071 6079 6092 6107 6111 6130 6187 6214 9042 9064 9089 9116 9126 9128 9191 9208 11034 11050 11063 11077 11090 11104 11157 11169
145	STATE_145	Aland	small_island	FIN	9228
146	STATE_146	Karjala	town	FIN	3050 3060 3133 3187 6052 6150 6153 9100 9105 9150 9176 9206 11046 11156 11162
147	STATE_147	Salla	enclave	FIN	197 9158 11085
148	STATE_148	Lappi	rural	FIN	30 103 124 162 167 203 2992 3026 3055 3069 3097 3107 3153 3156 3158 3193 6045 6061 6076 6087 6128 6137 6142 6179 9112 9189 9223 11030 11115 11125 11130 11164 11167 11204
149	STATE_149	Pohjanmaa	town	FIN	63 66 82 120 132 158 195 3119 3122 3172 6013 6081 6138 6141 6198 6212 9038 9156 9166 9219 11033 11041 11065 11081 11121 11126 11132 11144
150	STATE_150	Savo	town	FIN	7 37 136 139 141 165 193 3013 3030 3068 3073 3115 3125 3131 3149 3185 6033 6078 6134 6146 6156 6210 9056 9061 9104 9106 9163 9169 9181 9233 11024 11043 11076 11079 11141 11199 11210
151	STATE_151	Eastern Switzerland	city	SWI	658 661 663 3641 3660 3662 11601 11623 13683
152	STATE_152	Upper Austria	city	AUS	688 732 3673 3674 3684 3703 6552 6687 6691 6708 6723 9650 9665 11612 11651
153	STATE_153	Tyrol	town	AUS	668 671 673 3675 6673 6678 6680 9633 9636 11618 11634
154	STATE_154	Great Hungarian Plain	city	HUN	679 699 730 3730 6670 6700 6735 9656 9706 11625 11644 11646 11659
155	STATE_155	Transdanubia	city	HUN	682 686 701 3670 3680 3683 6685 6703 6720 9624 9643 9676 11610 11627 11663 13797 13798
156	STATE_156	Calabria	city	ITA	3901 6979 9784 9856 9990 10027 10203 11837 11998 12066 12098
157	STATE_157	Spoleto	city	ITA	925 963 967 3910 3923 3966 6831 6926 9838 11790 11861
158	STATE_158	Piedmont	metropolis	ITA	770 771 3772 3782 3959 6780 6788 9738 9741 9909 11721 11723 11726 11730 11891 13719
159	STATE_159	Lombardy	metropolis	ITA	607 773 776 969 3776 3780 6661 9584 9600 11568 11587 11734
160	STATE_160	Veneto	large_city	ITA	603 628 3604 3657 6656 9582 9613 11584
161	STATE_161	Romagna	large_city	ITA	782 3773 3976 6606 6790 6793 6985 9752 9924 13299
162	STATE_162	Tuscany	large_city	ITA	910 1616 3885 6875 6946 6973 9750 9879 9907 11833 11889
163	STATE_163	Zara	enclave	AUS	3943
164	STATE_164	Dodecanese	small_island	OTT	7003 10007
165	STATE_165	Catalonia	large_city	SPR	854 872 897 3898 3899 6812 6836 6865 6927 6966 9764 9797 9824 11779 13447
166	STATE_166	Aragon	town	SPR	790 798 813 871 899 915 948 3816 3909 3954 6878 6901 7213 9812 9813 9840 9842 11737 11793 11819 11821 11838
167	STATE_167	Valencia	large_town	SPR	962 3799 3873 4098 6817 6856 6906 6959 9889 9896
168	STATE_168	Murcia	town	SPR	832 1093 3835 4195 7111 9903 10024 10109 11807 11884
169	STATE_169	Andalusia	city	SPR	875 879 950 1048 1178 3810 3871 3940 4080 4182 6744 7098 7183 9815 9891 10094 10111 11749 12070
170	STATE_170	Extremadura	town	SPR	809 931 985 3930 6866 6902 6948 6954 9839 9877 9917 9925 11756 11780 11798 11851 13365
171	STATE_171	Galicia	city	SPR	729 758 3761 6734 6764 6955 9686 9689 11675 11677 11692 11710 11840 13822
172	STATE_172	Navarre	pastoral	SPR	932 3737 3931 3933 6756 9857 13825
173	STATE_173	Granada	city	SPR	747 1090 1176 1192 4065 4095 7068 7153 7196 7198 9979 10009 10063 11956 12038 12083 13745
174	STATE_174	Leon	rural	SPR	726 918 920 3725 3727 3918 3920 6746 6867 6907 9699 9703 9872 11684 11843
175	STATE_175	La Mancha	town	SPR	888 942 3891 3945 3953 6800 6832 6879 6896 9757 9778 9828 9852 9881 11742 11812 11863 12081
176	STATE_176	Castille	large_town	SPR	738 740 857 884 885 903 3735 3820 3859 3887 3902 6903 6936 9700 9800 9827 9846 9870 11688 11766 11806 11809 11825 11852 11854 13824
177	STATE_177	Balearic Islands	rural	SPR	7114 9793 9845
178	STATE_178	Canary islands	small_island	SPR	13071
179	STATE_179	Alentejo-Algarve	rural	POR	980 3790 3866 6880 6884 6933 9765 9819
180	STATE_180	Porto	town	POR	724 877 3892 6921 6941 9817 11673 13823
181	STATE_181	Guarda	large_town	POR	845 874 889 938 3969 6818 6996 9770 9787 11885
182	STATE_182	Chania	rural	CRT	1164 4170 9940 12058 13803
183	STATE_183	Cyprus	rural	ENG	7193 11984 13498 13499 13500 13801 13802
184	STATE_184	Thrace	rural	OTT	6990 9791 9930 11774 11905
185	STATE_185	Northern Greece (Ottoman Empire)	town	OTT	841 914 3448 3914 3980 6900 9805 9837
186	STATE_186	Peloponnese	town	GRE	1173 4078 4178 4193 7096 7211 11965 13367
187	STATE_187	Aegean Islands	small_island	GRE	3401 6550 8435
188	STATE_188	Memel	rural	RUS	348 3288 11265
189	STATE_189	Siauliai	town	RUS	281 530 3337 3354 6229 6314 6360 6376 6407 9483 9499 9731
190	STATE_190	Kurzeme	rural	RUS	265 3194 3296 3319 3525 6222 6322 6342 9262 11246
191	STATE_191	Tartu	rural	RUS	592 4640 6099 6178 6408 9221 9485 11057 11443
192	STATE_192	Odessa	city	RUS	741 754 3575 3738 3757 9698 9714 11670 11703
193	STATE_193	Chernihiv	city	RUS	238 546 3480 3542 3568 3584 6458 6508 6532 6589 9437 9506 11425 11489
194	STATE_194	Mozyr	rural	RUS	215 3203 3293 3507 6232 6319 6556 9249 9554 11453
195	STATE_195	Sankt Petersburg	metropolis	RUS	79 149 3151 6174 11068
196	STATE_196	Kherson	rural	RUS	568 721 737 767 3573 6771 9712 11715
197	STATE_197	Mykolaiv	rural	RUS	409 574 3403 3755 6597 9573 11546 11683
198	STATE_198	Vinnytsia	large_town	RUS	476 6455 6480 9423 9435 9481 9576
199	STATE_199	Khmelnytskyi	town	RUS	462 3430 3457 3511 6429 6509
200	STATE_200	Zaporozhe	town	RUS	429 588 3399 3767 6596 9571 9729 11405 11700
201	STATE_201	Zhytomyr	town	RUS	441 550 3470 3570 6593 9466 9493 9533 11464 11477 11490 11514
202	STATE_202	Kiev	city	RUS	489 504 525 582 3494 3543 6497 9465 9543 9568 11557
203	STATE_203	Cherkasy	large_town	RUS	434 458 488 3452 3468 6451 6478 9451 9491 11409 11424 11438 11454 11530
204	STATE_204	Bobruysk	rural	RUS	304 331 360 386 3350 3759 6373 11313
205	STATE_205	Kaluga	town	RUS	246 274 352 382 3263 3308 3345 3377 6252 6365 9261 9301 11235 11284 11300 11369
206	STATE_206	Minsk	city	RUS	216 294 342 3267 3378 6292 9289 11216 11322 11370
207	STATE_207	Vitebsk	town	RUS	323 3219 3331 6220 6249 6326 6371 9241 9323 11220 11241
208	STATE_208	Luga	rural	RUS	104 126 181 3120 6139 6197 9097 9098 11032 11080 11139 11186
209	STATE_209	Pskov	town	RUS	95 415 3053 3310 6324 9120 9319 9408 11097 11202 11304 11392
210	STATE_210	Nevel	rural	RUS	207 248 354 387 3333 6242 6293 9254 9331 9353 9386 11234 11259
211	STATE_211	Varna	town	BUL	649 6967 9612 9769 9783 9888 9902 9919 13817 13859 13860
212	STATE_212	Tarevo (Bulgaria)	city	BUL	3796 3819 3937 3952 6814 6842 6923 6952 6982 9610 11813 13862 13863
213	STATE_213	Murmansk	rural	RUS	15 74 98 116 142 178 3012 3121 3134 3170 6117 6140 6157 6181 6194 9039 9059 9115 9123 9162 9165 9179 9201 9203 9215 9217 11031 11088 11117 11128 11140 11183 11196
214	STATE_214	Arkhangelsk	town	RUS	3 18 26 72 87 89 127 138 140 180 183 312 3031 3064 3065 3075 3080 3081 3086 3092 3130 3166 3168 3338 6034 6051 6075 6088 6100 6102 6105 6109 6166 6193 6199 9041 9101 9124 9130 9187 9213 9248 11038 11042 11061 11071 11074 11089 11137 11171 11178
215	STATE_215	Onega	rural	RUS	36 80 86 94 134 155 157 170 176 2998 3008 3067 3071 3078 3189 6021 6029 6090 6096 6098 6159 6175 9045 9055 9074 9119 9195 9198 11045 11054 11094 11096 11146 11175 11181 11212
216	STATE_216	Olonets	rural	RUS	40 90 92 2994 3033 3084 3144 6057 6070 6094 6106 6172 9078 9118 9231 11092 11150 11153 11159
217	STATE_217	Tsaritsyn	city	RUS	498 520 3503 3517 3529 3555 6479 6503 6527 6541 6575 9442 9459 9474 9504 9530 11395 11447 11474 11484
218	STATE_218	Rostov	city	RUS	585 6445 9417 9430 11418 11434 11450 11559
219	STATE_219	Moscow Area	megalopolis	RUS	301 350 366 401 3259 3290 3327 3358 3391 6283 6290 6348 6380 6414 9235 9282 9302 9348 9378 9395 11217 11236 11268 11282 11330
220	STATE_220	Kursk	city	RUS	457 558 580 3554 3580 6254 6304 6543 6603 9260 9542 9579 11244 11526
221	STATE_221	Kharkov	city	RUS	418 3409 3508 3531 6530 6554 9531 9556 11397 11461 11541
222	STATE_222	Orel	rural	RUS	302 328 384 6355 9328 9355 9384 9411 11214 11283 11310 11337 11368
223	STATE_223	Tula	town	RUS	212 261 300 3236 3250 3292 3376 6262 6315 6333 6396 9366 11242 11347
224	STATE_224	Bryansk	town	RUS	288 315 343 371 398 3226 3306 3335 3364 3390 6305 6330 6386 6411 11229 11298 11325
225	STATE_225	Sumy	town	RUS	463 501 522 3225 3455 3520 6565 9477 9566 11462 11553
226	STATE_226	Yekaterinoslav	town	RUS	453 472 486 6423 9419 9433 9463 9479 11422 11437 11452 11561
227	STATE_227	Hughesovka	city	RUS	502 3421 3449 3466 3479 3491 6420 6474 6493 6776
228	STATE_228	Luganskiy Zavod	town	RUS	523 547 570 6505 6519 9446 9461 9476 11487 11513
229	STATE_229	Azerbaijan	large_town	RUS	1536 1539 1610 4458 4477 4545 4614 6763 7495 7661 11645 11674 11704 12434 13800
230	STATE_230	Armenia	town	RUS	1467 3564 4660 6642 6997 9715 11708 12320 12380 12441 12450
231	STATE_231	Imereti	town	RUS	654 672 772 1530 1599 3653 3656 3658 4534 4605 6436 6669 6671 9626 9702 11599 11617 12309
232	STATE_232	South Dagestan	rural	RUS	683 700 712 728 1450 3668 3672 3682 3711 4463 6689 6701 6730 6748 7554 7624 9645 11632
233	STATE_233	Western Circassia	rural	RUS	666 670 685 714 1455 3667 3698 6674 6692 6721 9628 9632 9647 9649 9663 9674 11609 11614 11647 11664
234	STATE_234	Yekaterinodar	city	RUS	717 719 735 750 765 3717 3720 3734 3752 3760 3765 6736 6738 6741 6755 6768 6781 6783 9691 9694 9696 9709 9744 11668 11681 11729
235	STATE_235	Stravropol	rural	RUS	731 748 3748 6702 6718 6733 6750 6753 9688 9705 9707 9722 9726 9742 11633 11661 11678 11690 11693 11694 11696 11727
236	STATE_236	Astrakhan	rural	RUS	618 757 3435 3461 3487 3726 6486 6516 6620 6758 6760 9440 9455 9592 9735 9753 11429 11579 11706 11736
237	STATE_237	Elista	rural	RUS	481 742 745 759 3413 3439 3475 3597 3746 3774 6463 6791 6794 9426 9594 9720 9739 11566 11724
238	STATE_238	Volgodonsk	rural	RUS	426 775 3417 3443 3464 3587 3777 3779 6417 6468 6490 6765 6796 9415 9581 11400 11403 11416
239	STATE_239	Saratov	town	RUS	326 353 433 483 578 3304 3316 3343 3426 3465 3477 3578 6328 6366 6450 6492 6539 9326 9352 9460 9564 11308 11408 11449 11551
240	STATE_240	Belgorod	town	RUS	473 534 3492 6432 6481 6517 6577 9424 9449 9489 9518 11439 11500
241	STATE_241	Gomel	rural	RUS	289 6233 6344 6354 9247 9288 9342 9371 9396 11230 11271 11355 11383
242	STATE_242	Smolensk	large_town	RUS	306 335 3247 3279 3313 3362 6273 6387 9272 9318 9382 9399 11254 11290 11353 11384
243	STATE_243	Roslavl	rural	RUS	223 236 3210 3278 3297 6243 9253 9351 11336
244	STATE_244	Volkhov	rural	RUS	70 3072 3110 6035 6095 9164 9197 11174
245	STATE_245	Millerovo	rural	RUS	449 484 500 509 533 3478 3489 3505 3519 3540 6544 6566 9488 9516 9540 9565 11459 11476 11501
246	STATE_246	Rzhev	rural	RUS	187 226 287 333 2999 3101 3215 3235 3321 3344 6264 6303 6367 6400 9242 9265 9287 9333 9343 11224 11272 11315 11326 11349
247	STATE_247	Tver	town	RUS	85 150 344 3143 3176 3323 6022 6122 6203 6245 6346 9046 9144 9256 11084 11154 11250
248	STATE_248	Yaroslavl	large_town	RUS	2 62 97 121 164 231 252 3077 3116 3190 3220 6056 6101 6143 6167 6356 9122 9188 9345 11039 11099 11166 11205
249	STATE_249	Kazan	town	RUS	228 260 292 355 372 403 404 3214 3251 3328 3348 3365 6308 6323 6338 6352 6368 9336 9354 9385 9401 9514 10301 11243 11292 11339 11389 11496
250	STATE_250	Ulyanovsky	town	RUS	286 345 392 3196 3197 3246 3269 3276 3334 3372 3382 6226 6294 6302 6337 6394 9338 11273 11319 11373
251	STATE_251	Samara	town	RUS	298 338 339 365 393 497 3216 6275 6404 9243 9271 9299 9365 9391 11225 11256 11281 11348 11377
252	STATE_252	Nizhny Novgorod	city	RUS	12 256 270 297 368 3224 3245 3261 3285 3303 3349 3352 3383 6149 6231 6295 6299 6327 6370 6374 6392 6410 9291 9298 9325 9358 9360 9368 9389 9407 11275 11277 11324 11340 11344 11375 11394
253	STATE_253	Ivanovo	town	RUS	214 280 346 357 378 3202 3240 3268 3339 3347 3370 6135 6215 6247 6269 6316 6358 6362 9033 9159 9257 9267 9278 9311 9356 11134 11239 11252 11295 11338 11362
254	STATE_254	Ryazan	town	RUS	269 283 314 330 397 3257 3275 3302 3322 3356 3387 6279 6284 9266 9273 9313 9330 9376 11248 11258 11294 11314 11363 11379
255	STATE_255	Penza	town	RUS	208 257 324 376 380 3221 3266 3317 3360 3371 6248 6291 6329 6343 6353 6382 6391 6409 9258 9276 9286 9324 9344 9380 9409 11240 11262 11269 11309 11335 11364 11393
256	STATE_256	Cheboksary	town	RUS	282 325 3282 3315 3361 6253 6307 6312 6357 6372 6403 9244 9259 9270 9280 9305 9307 9373 9381 9390 9402 11255 11263 11286 11356 11387
257	STATE_257	Tambov	rural	RUS	232 275 313 340 367 396 471 3332 3389 9245 9312 9367 9422 11227 11296 11323 11351 11381 11436
258	STATE_258	Lipetsk	town	RUS	356 3199 3291 3318 3346 6230 6317 6341 6369 6398 9339 9394
259	STATE_259	Poltava	rural	RUS	511 559 3557 6495 6507 6578 6605 9413 9519 11504
260	STATE_260	Voronezh	town	RUS	413 437 510 3469 3504 3527 3566 3567 6428 6477 6494 6553 6587 6591 9448 9529 9552 11396 11412 11475 11540
261	STATE_261	Ohio	metropolis	USA	659 689 827 831 882 971 3685 3829 3853 3872 4442 4601 6855 6874 6890 7528 9760 9775 9808 9825 11760 11776 11791 11890
262	STATE_262	Pechora	rural	RUS	105 154 198 3147 6016 6040 6177 6192 6538 9099 9121 9205 9230 10207 10723 11047 11119 11182 12530
263	STATE_263	Novgorod	town	RUS	8 71 110 117 320 3089 6086 6154 6225 9212 9234 11072 11109 11191
264	STATE_264	Tikhvin	rural	RUS	39 57 93 152 172 194 3035 3085 3140 3142 3163 6131 6169 9060 9082 9107 9111 9153 9177 9184 9190 11048 11059 11083 11093 11131 11165
265	STATE_265	Mikhaylovka	rural	RUS	487 518 544 579 3431 3518 3539 3582 6454 6506 6528 6563 6602 9436 9464 9475 9502 11423 11451 11485 11512 11527 11555
266	STATE_266	Tehran	town	PER	4580 7602 10385 10768 10837
267	STATE_267	Kabul	town	AFG	5082 7448 7519 7584 7916 7984 10476 10737 10781 10826 10852 10896 12248 12314 12653 12769 12831 12877
268	STATE_268	Djibouti	enclave	FRA	4985 8124
269	STATE_269	Warsangeli	enclave	ENG	1905 5068 8094 10777 10833 10921 12759 12814
270	STATE_270	Pitcairn Island	enclave	ENG	1280
271	STATE_271	Oromia	town	ETH	1984 2009 2040 2072 4954 4995 5010 5041 5097 7912 7944 7980 8019 8036 8043 8062 10734 10775 12714 12757 12812 12856 13369 13400
272	STATE_272	Senegal	pastoral	FRA	2100 4948 7972 8015 12710 12802 12834 12858 13362 13363 13364 13404 13405 13407
273	STATE_273	Libyan Desert	wasteland	ITA	1057 1060 1140 1994 4191 4962 5004 7985 10104 10754 10785 10884 11951 12022 12082 12866 13477 13478 13480 13481 13483 13484 13485 13487 13488 13489 13501 13502 13503 13504 13506 13507 13508 13509 13510 13511 13512 13514 13516 13517 13518 13519 13520 13522 13523 13524 13525
274	STATE_274	Ghana	rural	ENG	8039 8096 10862 12742 12785 12787 13344 13345 13347 13668
275	STATE_275	Pretoria	city	SAF	1688 2171 2213 5106 5217 7900 10400 10566 10668 12648 13343 13696 13697 13698 13699 13700 13701 13702 13705 13708 13710 13711 13712 13713 13715
276	STATE_276	Southern Ontario	large_city	CAN	605 722 749 774 779 3608 3640 3763 3775 6607 6610 6662 6676 6797 9580 9583 9585 9634 9667 9711 9743 11567 11569 11585 11602 11695 11725 11728
277	STATE_277	Mexico City	city	MEX	1965 2008 2011 7913 8089 12755 13671
278	STATE_278	Pampas	large_city	ARG	1555 1568 1596 1624 1639 4573 4602 4643 7550 7621 10375 10390 10402 10418 10935 12351 12364 12379 12394 12409 12494 12998 13662
279	STATE_279	Santiago	large_city	CHL	650 2215 5121 5169 5191 8194 8222 8229 8251 12920 12954 12984 13645 13646 13648 13649 13650 13651 13652 13654 13655 13656 13657 13658
280	STATE_280	Mato Grosso	pastoral	BRA	2142 2147 2204 8175 11010 12939 13844 13845
281	STATE_281	Maldives	enclave	ENG	4967
282	STATE_282	Kanto	megalopolis	JAP	993 1097 1113 1182 4000 4100 4184 4188 7016 9998 11908
283	STATE_283	Gansu	rural	XSM	531 556 1630 1647 1933 1985 2022 3745 4313 4403 5025 5193 6638 7397 7911 12797 12882
284	STATE_284	Wellington	city	NZL	1565 1713 1746 1786 1801 1814 4543 4615 4718 4748 4804 7692 7742 7783 7826 7887 10334 10373 10609 10710 12362 12604 12617 12664
285	STATE_285	New South Wales	large_city	AST	1537 1611 1667 1861 2114 2146 2163 4453 4478 4500 4658 4673 4763 4836 4864 5134 5161 7450 7471 7496 7520 7533 7649 7664 7859 8234 8249 10388 10427 10455 10500 10682 10977 11019 12377 12406 12435 12532 12560 12934 12968
286	STATE_286	Southern Indochina	town	FRA	1285 1300 1328 1396 1400 1423 1605 4223 4284 4334 4341 4363 4401 4405 7238 7271 7303 7331 7347 7380 10162 10232 10261 12109 12133 12150 12176 12204 12232
287	STATE_287	Taklamakan	wasteland	SIK	4973 8042 8086 10885 10911 12864
288	STATE_288	Burma	town	RAJ	1014 1142 1315 1330 1333 1403 1417 1650 3651 3999 4019 4059 4147 4202 4293 4336 4408 4454 4541 4626 4654 7034 7122 7163 7190 7254 7295 7382 7441 7534 10033 10154 10182 10223 10267 10283 10344 11966 12090 12125 12127 12197 12238 12256 12267 12284 12449
289	STATE_289	Siam	city	SIA	1244 1253 1357 1385 1427 1488 1535 1548 1990 4175 4319 4348 4433 4496 4511 4566 4582 7225 7292 7312 7338 7353 7367 7408 7492 7516 7531 7544 7559 7572 7587 7601 7647 7675 8045 10193 10221 10250 10293 10356 10371 10384 10398 10411 10425 10438 12173 12195 12224 12264 12317 12345 12360 12373 12388 12402 12417 12431
290	STATE_290	Er Rif	rural	SPR	4199 7215 9945 10113 12087 12100 13720 13721 13843
291	STATE_291	Baghdad	town	IRQ	78 2004 2089 2097 3795 7977 7994 8001 10876 12046 12413 12726 12839 12855 13554
292	STATE_292	Ha'il	rural	SAU	1955 2057 4968 4974 5024 5027 5058 5093 5099 7970 7995 8004 8060 8101 10791 10815 10850 10892 10901 10923 12455 12702 12727 12749 12813 12870
293	STATE_293	Yemen	rural	YEM	1920 1973 4924 10752 10840 13772
294	STATE_294	Muscat	rural	OMA	1947 2018 2059 2103 4993 5049 8002 8020 10760 13539
295	STATE_295	Northern Congo	rural	BEL	191 1516 1731 1817 1929 1968 2024 2115 4128 4515 5117 7716 9986 10025 10594 10858 10930 10968 12504 12677 12795 12896 12907 12925 12945 12975 13315 13316 13317 13318 13319 13320 13321 13322 13323 13324 13410 13412 13416 13420 13425 13786 13788
296	STATE_296	Portuguese Guinea	enclave	POR	12747 12891 13667
297	STATE_297	Equatorial Guinea	enclave	SPR	1903 8244
298	STATE_298	Liberia	rural	LIB	7959 8006
299	STATE_299	Falkland Islands	enclave	ENG	12960
300	STATE_300	Montevideo	large_city	URG	1613 1626 1641 1654 4457 10347 10362 10502 12336 12440 12468 12481 12496 13585 13586 13587 13588 13589 13590 13592 13593 13594 13595 13597 13598 13599 13600 13601 13602 13603 13604 13605 13606 13607 13608 13609 13610 13611 13612 13613 13614 13615 13616 13617 13621
301	STATE_301	Neembucu	town	PAR	2152 2173 2194 11023 12901 13567 13568 13571 13574 13689 13690 13691 13692 13693 13694 13695
302	STATE_302	La Paz	city	BOL	2174 5179 5229 5230 8157 8225 10938 10952 10987 12930 12979 13195 13622 13623
303	STATE_303	San Martin	large_city	PRU	2156 2162 5190 8199 12969 12983 12997 13684 13687
304	STATE_304	Panama	town	PAN	1633 4611 4624 7630 10482
305	STATE_305	Ecuador	city	ECU	5051 5120 8047 8075 8252 10888 11020 12798
306	STATE_306	Cundinamarca	city	COL	2079 7936 7991 7993 10747 10790 10846
307	STATE_307	Miranda	city	VEN	4892 4942 5000 5056 7968 8024 8080 8113 10767 10823 10912
308	STATE_308	Leeward Islands	tiny_island	ENG	4450 7123
309	STATE_309	Suriname	rural	HOL	1928 10906 12828
310	STATE_310	French Guiana	pastoral	FRA	4934 4980 12885 13666
311	STATE_311	British Honduras	pastoral	ENG	2077
312	STATE_312	Honduras	town	HON	2031 8017 12865
313	STATE_313	Guatemala	town	GUA	4991 10842 10886 13085
314	STATE_314	El Salvador	town	ELS	12823 13093
315	STATE_315	Cuba	town	CUB	1550 4476 4600 7451 7546 7590 7622 10374 10498 12347 13527
316	STATE_316	Costa Rica	town	COS	12878 13087 13092
317	STATE_317	Nicaragua	town	NIC	1988 2075 10728 12738 13722 13723 13724 13725
318	STATE_318	Port au Prince	town	HAI	1594 1635 4641 13302 13303 13305 13307 13310
319	STATE_319	Cibao	town	DOM	4598 7632 7660 10484 13300 13301 13304 13306 13308 13309
320	STATE_320	French India	enclave	FRA	10149
321	STATE_321	Goa	enclave	POR	1273
322	STATE_322	Tibet	pastoral	TIB	2010 2093 4994 5011 7926 8068 10755 10918
323	STATE_323	Nepal	town	NEP	1983 4386 4987 5310 7374 10825 10910 12892
324	STATE_324	Bhutan	town	BHU	8010 12860 13494 13495 13496
325	STATE_325	Yunnan	town	YUN	1114 1172 1196 1319 1383 1522 1653 4501 5009 7446 7606 8023 10346 12262 12282 12319
326	STATE_326	Hong Kong	large_town	ENG	10062
327	STATE_327	Manila	town	PHI	1221 1288 7275 7323 7351 10165 10236 10265 12236
328	STATE_328	Kirin	rural	MAN	800 861 887 927 945 946 1567 3888 3913 3929 3932 3947 3949 4503 4572 6868 6905 6947 7523 7591 7652 7663 9759 9782 9803 9841 9848 9866 9883 9913 9928 10433 11744 11781 11823 11850 11862 11864 12412
329	STATE_329	Tannu Uriankhai	rural	TAN	1676 1877 4680 7703 7731 7804 7819 10597 10627 10646 12610 12625
330	STATE_330	Mongolia	town	MON	1689 1723 1725 1728 1743 1774 1781 1787 1791 1798 1834 1853 1855 1859 1868 4655 4697 4704 4729 4732 4751 4777 4786 4792 4801 4843 4856 4858 4862 4873 4882 7676 7717 7749 7752 7773 7799 7806 7808 7823 7843 7864 7870 7881 7885 10539 10554 10558 10560 10563 10575 10578 10623 10632 10634 10647 10669 10689 10695 10704 10708 12520 12533 12539 12541 12544 12557 12579 12598 12605 12612 12614 12629 12649 12665 12669 12675 12686 12695
331	STATE_331	Newfoundland	rural	ENG	7758 7788 12505 12680 12698
332	STATE_332	Labrador	wasteland	ENG	1426 1785 4720 4787 12503
333	STATE_333	North Borneo	rural	MAL	1208 1306 1335 2047 2117 4216 4282 4338 4396 7358 7371 7387 7415 7443 8091 10143 10199 10212 10240 10269 10285 12129 12171 12186 12228 12243 12283 12905 13762 13764
334	STATE_334	Kalimantan	rural	INS	1225 1230 1252 1304 1316 1404 1416 2170 2184 2222 4236 4279 4323 4335 4409 5176 5226 7227 7231 7296 7299 7355 7424 8221 10138 10178 10181 10237 10266 10282 10310 10325 12110 12196 12225 12252 12280 12955
335	STATE_335	Java	city	INS	1209 1386 1398 1413 1425 4306 4390 4406 4434 4608 4621 7223 7381 7421 7642 7654 10135 10279 10307 10479 10491 12249 12277 12293 12472
336	STATE_336	Malacca	large_town	MAL	1291 1348 1364 1376 1392 4310 4355 4367 4384 4412 4424 7329 7342 7399 7427 10227 10297 10313 12113 12144 12199 12215 12255 12271 12299
337	STATE_337	Faroe Islands	enclave	DEN	13003
338	STATE_338	Gloucestershire	city	ENG	3369 6221 6351 6378 9484 11471
339	STATE_339	Smyrna	town	TUR	928 3927 4112 6992 7130 9921 9929 10038 11848 11898 13774 13820 13821
340	STATE_340	Bursa	town	TUR	785 947 3786 3851 6864 6912 9799 9887 11778 11867
341	STATE_341	Adrianople	city	OTT	849 922 3879 3893 6895 9833 11829 11842 13816 13818 13871
342	STATE_342	Adalia	rural	TUR	1005 1119 9941 10122 11917 12013 12016 12096
343	STATE_343	Afyon	rural	TUR	784 856 981 3856 3876 3983 6877 6945 9878 10041 11796 11831 11907
344	STATE_344	Adana	town	TUR	806 886 3889 3921 6813 6956 9893 11746 11810
345	STATE_345	Mersin	rural	TUR	1122 4008 4124 4127 7026 7143 10056
346	STATE_346	Konya	rural	TUR	940 3788 6807 6894 9755 9763 9811 11792 11860
347	STATE_347	Izmit	rural	TUR	890 904 3905 3919 6871 11811 11866 11883
348	STATE_348	Kayseri	rural	TUR	869 919 921 961 3807 3862 3870 3964 6888 6977 9830 9861 11826 11844
349	STATE_349	Sivas	rural	TUR	3890 3903 3950 6919 6950 6965 9761 9777 9860 9868 11797
350	STATE_350	Malatya	rural	TUR	4512 7620 9823 9912 11739 11759 11871 12387 12416
351	STATE_351	Vologda	town	RUS	23 60 75 81 84 106 129 135 143 160 163 166 174 196 2996 3056 3057 3079 3087 3091 3099 3124 3135 3154 3157 3160 3164 3175 6017 6073 6077 6091 6097 6112 6113 6119 6158 6180 6182 6189 6190 9043 9102 9110 9113 9131 9133 9136 9168 9199 9200 9202 9207 9210 9222 11027 11035 11036 11062 11075 11086 11095 11103 11107 11143 11168 11177 11180 11189 11213
352	STATE_352	Van	rural	TUR	864 1463 6935 7530 10497 12318 12476
353	STATE_353	Erzurum	rural	TUR	652 876 4583 7470 9858 9954 10399 11853 11880 12376
354	STATE_354	Trabzon	rural	TUR	789 3714 3979 6976 6991 7454 9886 9932 10403 10472 11753
355	STATE_355	Samsun	rural	TUR	933 960 975 3935 3965 9900 9915 11881 11894
356	STATE_356	Kastamonu	rural	TUR	979 3967 3982 6920 6938 6978 6995 9844 9871 11839 11897
357	STATE_357	Massachusetts	metropolis	USA	715 718 733 905 908 1282 1338 1619 3710 3712 3715 3732 3906 4287 4445 6719 6732 6909 7462 7629 9675 9832 9847 9850 10247 10318 10481 11830 12202 12221 12459
358	STATE_358	New York	megalopolis	USA	598 706 734 859 1436 3602 3605 3702 3733 3747 3806 3878 3894 6625 6630 6707 6717 6778 6795 6911 6916 9664 9673 9693 9708 9721 9754 9774 10381 11650 11654 11660 11662 11665 11680 11722
359	STATE_359	New Jersey	large_city	USA	3693 3863 6882 9801 9864 11740 11782 11900
360	STATE_360	Pennsylvania	megalopolis	USA	702 822 847 862 880 891 894 3687 3697 3802 3824 3847 3850 3880 3897 6705 6845 6869 6872 6885 6899 9662 9789 9804 9820 9836 11648 11758 11769 11785 11789 11799 11800 11817 12405
361	STATE_361	Maryland	city	USA	3957 6823 6892 6929 6984 9758 9786 11892 13661
362	STATE_362	Virginia	large_city	COF	788 801 865 873 951 1506 3823 3917 3925 3941 3975 4627 6846 6850 6958 6971 7466 7558 7588 7646 9779 9923 9931 10343 10412 10439 10441 11738 11841 11873 11888
363	STATE_363	North Carolina	city	COF	1019 1077 1132 1163 4168 6943 7045 7083 7138 7643 9876 9967 10051 10081 10096 10468 10495 11783 12054 12445
364	STATE_364	South Carolina	city	COF	1485 1547 3994 4491 4653 7012 7134 7202 7527 10029 10047 11927
365	STATE_365	Georgia	city	COF	638 968 1433 1480 5090 7118 7583 7612 9949 9996 10394 10437 10465 10492 11975 12325 12384 12470 12498
366	STATE_366	Florida	city	COF	866 1556 1572 1584 1843 1913 7388 9834 10352 10380 10407 10489 12353 12381 12439 12752
367	STATE_367	Alabama	city	COF	492 860 1587 4594 4622 4756 5059 7422 7480 7640 10192 10520 11509 11942 12735 12803
368	STATE_368	Tennessee	city	COF	913 1758 1987 7615 7791 7797 8014 8083 10281 10615 10657 10824 10909 12501 12670
369	STATE_369	Kentucky	city	USA	1445 1582 4402 4452 4988 6696 6974 7547 9727 10586 10727 12568 12637 12709
370	STATE_370	Mississippi	city	COF	1615 4464 4510 4565 4650 7464 7668 8110 10410 10449 10753 11717 12328 12429
371	STATE_371	Louisiana	city	COF	1453 1528 1559 1643 4507 4522 4535 7524 7552 7555 7599 12313 12398 12401
372	STATE_372	Arkansas	town	COF	1503 1646 4444 4567 4597 4625 7485 7543 7586 10355 10477 12458 12489 12778
373	STATE_373	Missouri	large_city	USA	1441 1523 1534 1564 1621 4449 4540 4569 7449 7607 10333 10370 10391 10516 10717 12346 12361 12463
374	STATE_374	Oklahoma	city	COF	1618 1806 2043 4919 5103 6803 7762 7904 7945 8025 9822 10702 10798 11743 11802
375	STATE_375	Texas	metropolis	TEX	805 1500 1915 1927 1954 1998 2019 2042 2055 2082 3875 3960 3972 4577 4884 4955 5001 5022 5038 5061 5085 6785 6798 6968 6987 7628 7836 7981 8064 9773 9829 9908 9920 10337 10504 10740 10778 10861 10894 12301 12341 12369 12410 12486 12624 12728 12782 12848 12875 12893
376	STATE_376	New Mexico	rural	AZT	1972 2102 3867 3883 4975 5044 8070 10642 10645 10867 10914 12552 12684 12720 12791 13828
377	STATE_377	Arizona	rural	AZT	850 853 1793 3834 4796 6897 7747 7821 7920 8115 10573 10783 11814 12765 13659 13827
378	STATE_378	California	metropolis	CAL	610 677 710 766 768 781 823 941 986 1432 1562 1601 1651 3588 3644 3677 3678 3784 3840 4331 4518 4657 4727 4799 6482 6665 6681 6694 6699 6745 6757 6772 6861 6876 6881 7517 7667 7986 9637 9671 9697 9713 9730 9814 9855 9911 10159 10387 10483 11658 11698 11757 11763 11795 11859 11876 12303 12374 13660
379	STATE_379	Nevada	rural	USA	1862 4521 4607 4736 4816 7756 7827 7879 10305 10422 10591 10625 12134 12399 12425
380	STATE_380	Utah	rural	DES	1663 1740 1756 4668 4742 4865 7764 7818 10582 10651 10662 12573 12699
381	STATE_381	Wyoming	rural	USA	1815 4610 4723 4794 4820 7688 7814 7888 10640 10711 12561 12633 12651 13833 13834 13835
382	STATE_382	Colorado	town	USA	868 1658 1738 1809 1827 3869 6887 7684 7780 7999 9792 10535 10588 11772 12570 12627 12642 13829 13830 13831 13832 13837
383	STATE_383	Kansas	city	USA	1352 1753 4586 4740 4757 4811 4814 7834 7892 9802 10340 10532 12024 12513
384	STATE_384	Nebraska	large_town	USA	1683 3613 3708 3855 4749 4760 4830 4871 7840 7852 10606 10676 12516 12586
385	STATE_385	Oregon	town	CDA	505 528 1414 3471 3513 4274 4328 4347 4380 4826 7398 7865 10151 10183 11495 11733 12183 12211 12281
386	STATE_386	Washington	large_town	CDA	1320 1690 4296 4398 4747 7255 7315 7386 7414 7442 10155 10157 10198 10242 10271 10327 10687 10690 10693 12155 12214 12673
387	STATE_387	Idaho	rural	USA	1789 1832 3781 4778 7721 7845 9616 9695 10556 10602 10672 12124 12535 12553 12607
388	STATE_388	Montana	rural	USA	1736 1767 1851 1854 1857 4741 4838 4857 4860 4863 6742 7760 7779 7880 7883 10587 10593 10624 10706 11712 12572 12585 12676
389	STATE_389	North Dakota	rural	USA	1752 1836 1870 3719 4759 4772 7877 10685 10709 12566 12685
390	STATE_390	South Dakota	rural	USA	1747 1875 3750 4839 4880 6722 7745 7771 7862 10569 10595 12620 12667
391	STATE_391	Minnesota	city	USA	1719 1734 1866 1867 4664 4807 6752 6767 6827 7536 7896 9880 10618 10719 11667 12550 12577 12588 12597 12693
392	STATE_392	Iowa	city	USA	1586 1678 1770 1831 4691 7306 7458 7539 9892 9910 10478 10666 11788 11971 12418 12646
393	STATE_393	Michigan	metropolis	USA	691 695 709 751 3766 4854 5205 6710 6769 6782 7420 9684 9724 9746 9747 10233 10303 10599 11641 11656 11669 11685 11714 11731
394	STATE_394	Wisconsin	city	USA	703 926 1560 1760 1849 3699 4029 4166 4738 4834 7776 7829 9657 9678 10341 10526 12357 12456
395	STATE_395	Illinois	megalopolis	USA	720 954 1527 1604 1655 4508 4590 6737 7611 7626 7831 9450 9682 10339 10393 10457 10461 11589 12305 12312 12365 12368 12497 12697
396	STATE_396	Indiana	large_city	USA	870 1595 1881 4437 4527 4531 6713 7551 9653 9654 9796 9810 10448 11621 11635 11637 12437
397	STATE_397	Ust-Sysolsk	wasteland	RUS	6 99 108 186 1295 1307 3000 3155 4298 6121 6202 7318 7330 7712 7898 9145 9225 10579 11179 11200 11203 12558
398	STATE_398	Perm	rural	RUS	123 189 206 390 1336 1365 1380 1754 3127 4314 4326 4372 4802 6025 7346 7375 9283 10286 10314 11111 11195 11228 11352 12175 12187 12216 12527 12587 12626
399	STATE_399	Izhevsk	rural	RUS	305 370 381 3027 3270 3294 3300 3394 4356 4400 6217 6224 6278 6297 6388 7359 7403 9293 11320 11365 12203 12244
400	STATE_400	Vyatka	town	RUS	31 45 73 88 112 119 146 175 272 359 3004 3017 3041 3066 3102 3103 3112 3139 3146 3167 3177 3186 3264 3363 6089 6110 6124 6133 6162 6171 6191 6213 6274 6288 6383 9050 9065 9114 9146 9155 9172 9180 9192 9214 9232 9370 10200 11025 11051 11087 11110 11124 11133 11149 11158 11170 11192 11193 11354
401	STATE_401	Samara	rural	RUS	410 452 499 3490 3551 6339 6430 6473 6502 6574 6601 9337 9432 9447 9473 9577 11321 11421 11458 11460 11523
402	STATE_402	Akhtubinsk	rural	RUS	1220 1247 1314 1371 1429 4227 4254 4294 4300 4303 4374 4376 4394 4581 4638 7243 7313 7337 7341 7354 7370 7410 7486 10131 10164 10253 10264 12108 12179 12227 12235 12254 12294
403	STATE_403	Tyumen	rural	SOV	1387 1880 3472 4209 4659 4754 4780 4824 6787 7681 7774 7833 7846 9512 10600 10659 10670 12390 12521
404	STATE_404	Kyzyl Orda	wasteland	RUS	1243 1312 1382 1402 4250 4277 4389 4492 4578 4595 4636 4686 7335 7392 7556 7597 7600 7657 7777 10148 10179 10220 10268 10275 10277 10353 10366 10452 10506 10508 10601 12111 12121 12177 12194 12329 12340 12385 12397 12487
405	STATE_405	Tashkent	city	RUS	1459 1573 4629 7639 7682 7775 10205 10488 10671 11687 12239 12722
406	STATE_406	Guryev	wasteland	RUS	464 477 554 615 3459 3618 3622 6498 6514 6523 6615 7322 9453 9469 11442 11455 11469 11578 11591
407	STATE_407	Uralsk	rural	RUS	432 468 470 508 545 566 576 1290 1318 3404 3406 3467 3502 3515 3538 4351 6491 6525 6551 6564 6588 7438 9462 9487 9513 9526 9528 9538 9549 11457 11472 11473 11480 11482 11510 11524 11537 11538 11552
408	STATE_408	Haishenwai	town	SOV	664 681 837 957 3695 3723 3739 3753 3787 3811 3977 6684 6686 6715 6833 6838 6961 6989 9639 9641 9762 9895 9926 11624 11626 11629 11643 11745 11750 11765 11777 11879 11904
409	STATE_409	Boli	rural	SOV	725 739 753 1267 1325 1343 1397 1504 3756 3963 4404 6774 7249 7266 7309 9589 9604 9733 9749 10466 11575 11719 12136 12189
410	STATE_410	Sistan	rural	PER	1889 2039 2070 4891 10782 13082 13528 13529 13530 13531 13532 13533 13534
411	STATE_411	Isfahan	rural	PER	1963 2026 4928 4983 5067 8031 8074 10828 12756 13536
412	STATE_412	Fars	rural	PER	4959 4966 7982 8117 10797 10881 12780 12832 12863 13538 13540 13541 13543 13544 13545 13546 13547 13769
413	STATE_413	Khuzestan	rural	PER	1922 5005 5089 7953 13550 13551 13552 13553
414	STATE_414	Kerman	wasteland	PER	1986 7990 10759 10890 10913 11249 12739 12809 12852 12895 13535 13537 13542
415	STATE_415	Herat	rural	AFG	1948 1995 2017 2062 2078 2101 4893 4949 5020 5064 8053 8090 10789 12788 12871
416	STATE_416	Khorasan	rural	PER	1521 1888 1957 2000 5029 5073 7573 10351 10806
417	STATE_417	Hamadan	rural	PER	1982 2065 8040 8125 10922
418	STATE_418	Semnan	wasteland	PER	8009 8093 10873 11671 12704 12748 12818
419	STATE_419	Tibriz	rural	PER	1636 1822 1896 2071 4755 4825 7604 12793 12861 13561
420	STATE_420	Gilan	rural	PER	4473 4553 4609 4637 4901 7969 10454 10523
421	STATE_421	Kurdistan	rural	PER	829 4943 5050 5098 9816 10774 12773 13555 13556 13557 13558 13559 13560
422	STATE_422	Ceylon	rural	ENG	1213 4219 7260 7344 10201 10229 10287 12258
423	STATE_423	Madurai	rural	RAJ	1238 1268 1321 1381 1409 4327 4416 4420 7265 7288 7363 7402 7436 7447 8067 10130 10246 10274 10278 10808 12164 12247 12275
424	STATE_424	Madras	rural	RAJ	1228 1344 1430 4321 4365 4414 7297 7310 7340 10152 10296 10756 10897 12180 12779
425	STATE_425	Mysore	rural	RAJ	1412 4278 4291 4315 4344 4395 5032 7244 7250 7391 7395 7411 8011 8100 10190 10208 10259 10799 12105 12146 12208 12295 12734
426	STATE_426	Orissa	rural	RAJ	1059 1101 1538 1579 1622 4104 4237 4513 7090 7372 7428 7465 9946 10001 10060 10088 10116 10171 10255 10428 10469 11924 11978 12063 12241 12462 12490
427	STATE_427	Hyderabad	town	RAJ	1275 1317 1359 4280 4472 5019 5063 5104 8087 10311 10324 10511 11950 12114 12226
428	STATE_428	Gujarat	town	RAJ	1061 1103 1144 1190 4064 4090 4132 4187 7020 7150 7165 7207 9975 10118 11952 12037 12092
429	STATE_429	Bombay	town	RAJ	1349 1405 4072 4353 7013 7060 7119 7177 7232 10019 10210 10270 12142 12182 12269
430	STATE_430	East Bengal	town	RAJ	2843 4162 4616 7078 7124 7179 7662 9935 9991 9993 10035 10389 10416 10443 11911 11929 11968 12010 12423
431	STATE_431	West Bengal	city	RAJ	1159 1609 1656 4062 4204 4245 4435 4644 7220 7475 7537 7565 7593 10077 12050 12338 13493
432	STATE_432	Assam	town	RAJ	997 1075 1497 1525 1553 1581 7455 7634 10090 10349 10514 12366 12395 13492
433	STATE_433	Rajahsthan	town	RAJ	1199 1908 2054 4149 4915 4971 4984 7905 7998 10847 10866 12041 12718 12743 12829 12844 12876 12886
434	STATE_434	Arunachal Pradesh	wasteland	RAJ	1116 1996 10810 12322 12730
435	STATE_435	Bihar	rural	RAJ	1444 1541 1569 1637 4459 4516 4544 4571 7064 7334 10358 10361 10471 10751 10878 12035 12307 12452
436	STATE_436	Jabalpur	rural	RAJ	1510 4557 4883 4950 4953 7430 7497 7574 7619 8120 10030 10401 10801 10872 11995 12375 12420 12480 12781 12799 12854
437	STATE_437	Indore	rural	RAJ	1949 2036 2092 2105 4106 7080 7205 8076 10807 10816 11993 12080
438	STATE_438	Lucknow	rural	RAJ	1377 2005 4045 4299 4410 5040 5055 5086 5096 7938 8082 8114 9951 9973 10332 10794 12137 12777 12786
439	STATE_439	Delhi	city	RAJ	1129 1898 2002 2032 2076 2086 3989 5002 5157 7106 10021 10729 11955 12708 12868
440	STATE_440	Punjab	town	RAJ	4979 8007 8022 8106 9084 10066 10139 10173 10772 10843 10887 10898 12005 12792 12822
441	STATE_441	Kashmir	rural	RAJ	7273 7316 8005 10905 12754 12884
442	STATE_442	Peshawar	rural	RAJ	1978 4558 4998 12717 12763
443	STATE_443	Sind	rural	RAJ	1147 1971 1980 3456 4003 4110 4382 7049 7084 10108 10735
444	STATE_444	Baluchistan	wasteland	RAJ	1179 5043 5075 7917 8013 8066 12761 12774
445	STATE_445	Quetta	wasteland	RAJ	1107 4990 5105 7847 7903 7975 8044 8098 10813
446	STATE_446	Cairo	town	ENG	992 1068 3996 4055 4073 4143 7011 7117 7188 10005 10031 12004 12049
447	STATE_447	Alexandria	town	ENG	1071 4076 4145 7091 7164 10073 11964
448	STATE_448	Tripoli	town	ITA	1118 1149 1189 4194 7066 7209 9980 12039
449	STATE_449	El Agheila	enclave	ITA	1041 1198 4047 4057 10046 10117 12088
450	STATE_450	Benghasi	enclave	ITA	1127 4120 10123 11954
451	STATE_451	Derna	wasteland	ITA	1130 1204 4136 4151 7082 9992 10120 12094
452	STATE_452	Marsa Matruh	wasteland	ENG	5078 7079 7148 9989 10061 11910 11967 12033 12091
453	STATE_453	Sinai	wasteland	ENG	1112 1155 4161 9947 10002 10099 11922 11979 12073
454	STATE_454	Palestine	rural	ENG	1015 1065 1086 1201 4088 4206 7107 7176 11970
455	STATE_455	Jordan	rural	ENG	1544 4017 4115 4440 4562 4574 4591 4603 7001 7151 7170 10089 11976
456	STATE_456	Aswan	rural	ENG	1028 1064 1151 1206 7030 7073 7144 10028 10097 10844 11974 11999 12044 12071 12771
457	STATE_457	Eastern Desert	wasteland	ENG	1080 4068 4910 5069 7156 9957 10126 12002 12889
458	STATE_458	Tunisia	town	FRA	1037 1046 4061 4129 4163 7077 7162 7180 9994 10091 11921 11969
459	STATE_459	Algiers	town	FRA	1013 1145 4116 4131 4146 7132 9964 11923 11939 12760
460	STATE_460	Constantine	town	FRA	1058 1160 4046 7065 7081 7166 9976 10078 11953 12051 13077
461	STATE_461	North Morocco	rural	FRA	989 1079 1111 1194 4084 4097 4139 7069 7100 7116 7173 10013 10023 10070 11943 11987 12042
462	STATE_462	South Morocco	wasteland	FRA	1102 1152 1207 1958 1989 4022 4108 4154 4933 5046 7203 7908 7958 8046 8088 10107 12857 13454 13455 13456 13458 13460
463	STATE_463	Alaska	rural	USA	1135 1830 4833 4848 7855 7884 10679 10694 10707 12661 13069 13090 13091 13202 13203
464	STATE_464	Nova Scotia	rural	CAN	1354 4360 4430 4623 7304 7361 7644 10244
465	STATE_465	New Brunswick	rural	CAN	634 1424 4285 4342 4362 4432 7379 12289
466	STATE_466	Quebec	rural	CAN	490 983 1341 1356 1657 1712 1764 3208 3635 3661 3691 3778 3911 4419 4666 4769 6740 7364 7435 7683 7807 7810 7813 7875 7893 10176 10249 10534 10700 10715 11682 11902 12147 12205 12223 12276 12600 13196
467	STATE_467	Manitoba	rural	CAN	1848 1873 3721 4218 4426 4790 4872 5119 12145 12636 12688
468	STATE_468	Saint Lawrence	city	CAN	1284 4270 4305 4345 4417 4422 7289 7291 7345 7433 9601 10174 10230 10320 12149 12291
469	STATE_469	Saskatchewan	rural	CAN	736 1788 3481 3498 3769 4739 9669 10552 10611 10656 11440 12593 12603 12663
470	STATE_470	Alberta	rural	CAN	515 1262 1347 1763 1804 3010 3706 4765 6726 6754 7718 7766 7787 10684 12166
471	STATE_471	Northwestern Canada	wasteland	CAN	917 1411 1799 1872 3606 4678 7869 7891 10548 12508 12571 13440 13441
472	STATE_472	Northern Canada	wasteland	CAN	1671 2407 3800 4695 6779 7348 7696 7830 7858 7901 10527 10703 12534 12682 13075
473	STATE_473	British Columbia	town	CAN	1323 1393 1408 1737 1858 4343 4385 4413 4428 4870 4877 7677 7753 7761 7820 7853 10228 10258 10273 10644 12231 12578
474	STATE_474	Yucatan	rural	MEX	4904 4965 12715
475	STATE_475	Chiapas	rural	MEX	1900 12753 12867
476	STATE_476	Oaxaca	rural	MEX	2021 8236 10773 10889 12712
477	STATE_477	Veracruz	town	MEX	8079 10732 12810
478	STATE_478	Jalisco	town	MEX	2051 5052 10172 12746 12873 13089
479	STATE_479	Tamaulipas	town	MEX	1952 2083 4956 5015 5021 12721 13088 13670
480	STATE_480	Coahuila	large_town	MEX	2060 2104 7973 10746 10769 10800 12811 12835
481	STATE_481	Durango	rural	MEX	1945 4946 7921 8003 8057 10738 10853 10871 10895 12804
482	STATE_482	Chihuahua	rural	MEX	2037 4898 7935 8097 10809 10830 10916 12745 12827 12850 12897
483	STATE_483	Sonora	rural	MEX	2069 4908 4977 5071 8012 8033 10765 10848 12833
484	STATE_484	Baja California	rural	MEX	1892 1904 7964 8119 12461 12736 12859 13216
485	STATE_485	Guerrero	rural	MEX	4887 5066 8032 10730 10832
486	STATE_486	Meta	pastoral	COL	1887 2007 5026 10792 12729 12770 12825
487	STATE_487	Santa Cruz	pastoral	BOL	2160 5188 8211 8240 10924 10982 10996 12902 12916 12917 12973 13846
488	STATE_488	Bolivar	pastoral	VEN	1981 5317 7915 8050 10736 10849 10879 12716
489	STATE_489	Zulia	town	VEN	1944 1997 2052 4526 5088 10855 12772
490	STATE_490	Pastaza	pastoral	PRU	8149 10942
491	STATE_491	Loreto	pastoral	PRU	5162 8213 10970 12869
492	STATE_492	Arequipa	rural	PRU	2182 2210 2225 5166 5202 12953 13086 13686
493	STATE_493	La Libertad	town	COL	1937 2023 2085 4969 8056 10494 10864 12703 12790 12845 12872
494	STATE_494	Ucayali	rural	PRU	2212 2226 8160 8191 10940 13685
495	STATE_495	Amazonas	pastoral	BRA	1979 2035 2198 5008 5083 5214 5216 5232 8172 8185 8254 10934 10956 10960 12919 12965 13083 13847
496	STATE_496	Para	town	BRA	2153 2167 2185 2190 2218 4570 5223 7476 7589 8148 8196 8210 8226 8233 10360 10931 10945 10999 12334 12438 12479 12903 12909 12923 12938 12977
497	STATE_497	Maranhao	rural	BRA	2150 2214 2228 5153 5204 5220 10874 10984 12853 12913 12933 12947 12999
498	STATE_498	Rio Grande do Norte	city	BRA	1446 1524 2132 2164 2175 2178 2227 5107 5168 5182 7561 8179 8227 10345 10933 10939 10967 10989 10998 12961
499	STATE_499	Bahia	large_town	BRA	4617 5174 5194 5218 8129 8143 8177 8184 8197 8242 10392 10419 10926 10946 11002 12422
500	STATE_500	Rio de Janeiro	large_city	BRA	5172 8190 10980 12996
501	STATE_501	Sao Paulo	city	BRA	1583 5112 5167 5186 7553 7636 10432 10513 10947 10994 11003 11008 12937 12972
502	STATE_502	Rio Grande do Sul	town	BRA	1542 1585 1598 4436 4575 4589 4604 5110 7581 7594 7638 10447 12396 13596
503	STATE_503	Santa Catarina	rural	BRA	1529 2109 4533 4548 4587 5156 5178 8181 8239 10405 12466 13563 13569
504	STATE_504	Piaui	rural	BRA	2111 2181 5200 8189 8224 10959 12951 13570 13572 13576 13577 13578 13579 13580 13581 13582 13583
505	STATE_505	Goias	rural	BRA	2168 5115 5148 5151 5208 8140 12959 12987
506	STATE_506	Atacama	rural	CHL	5131 5146 5171 5192 5228 8217 8231 11000 12914 12994 13624 13625 13626 13627 13628 13631 13632 13633 13636 13637 13638 13641 13643 13647
507	STATE_507	Magallanes	pastoral	CHL	2161 5118 5159 5201 5209 5215 8198 8218 10961 11009
508	STATE_508	Tucuman	rural	ARG	2136 8195 8216 8253 11001 12928 12978 13629 13630 13634 13635 13639 13640 13642 13644
509	STATE_509	Buenos Aires	town	ARG	2106 2208 2224 5143 5213 8169 8255 10944 10965 10986 12922 12943 13564 13565
510	STATE_510	Mesopotamia	large_town	ARG	1449 2172 5163 7500 8187 8208 8238 10515 10943 10975 10985 11007 12453 12964 13000 13584 13591 13618 13619 13620 13688
511	STATE_511	Mendoza	rural	ARG	2158 2179 5152 5184 5219 8215 10964 10992 11021 11022 12942 12970 13653
512	STATE_512	Patagonia	rural	ARG	2149 2169 2199 5173 8161 8176 8192 10953 10981 11005 12306 12321 12349 12946 12952 12982
513	STATE_513	Tlemcen	wasteland	FRA	1126 1128 1141 1967 3991 4018 4150 4970 5053 7008 7033 7040 7149 9943 9960 10045 10059 12018 12020 12034 12888 13074 13285 13294 13295 13296 13297
514	STATE_514	Algerian Desert	wasteland	FRA	1043 1095 1901 2049 4903 5035 5095 7041 8061 8077 10731 10749 12711 12842 12849 13264 13452 13453 13457 13459 13461 13462 13463 13486
515	STATE_515	Southern Sahara	pastoral	FRA	1956 4913 7939 8028 8128 10758 10780 10805 10893 10917 13513 13515
516	STATE_516	Northwest Siberia	wasteland	SOV	96 1729 1757 2900 2923 2972 3336 3415 4692 4733 4761 4812 4859 6085 7809 9224 10536 10564 10607 10635 11122 11261 11328 12517 12545 12643 12687 13060 13064 13065
517	STATE_517	Victoria	large_city	AST	1759 1773 2130 2155 4776 4791 7755 7798 7811 10553 10581 10622 10637 12576 12910 12918 12924 12932
518	STATE_518	Tasmania	small_island	AST	2183 2189 5181 5187 10665 12645
519	STATE_519	South Australia	pastoral	AST	1526 2191 2219 5183 5197 5211 5225 7567 8165 8186 8200 8220 10925 10927 10949 10969 10997 11011 12948 12962 12976 12990
520	STATE_520	Northern Territory	wasteland	AST	1217 1410 1422 1431 1454 1478 2139 4415 4441 4462 4487 5207 7457 7481 7669 8209 8247 10276 10288 10316 10518 10937 10958 11016 12104 12246 12290 12311 12326 12339 12499
521	STATE_521	Queensland	town	AST	1472 1501 1514 1557 1570 1644 2116 2166 2187 4481 4502 4505 4517 4520 4530 4546 4560 4632 4648 5198 5227 7506 7522 7525 7535 7538 7564 7566 7592 7610 7651 7666 8230 10338 10350 10365 10378 10430 10445 10458 10460 10475 10487 10941 11006 12308 12354 12367 12382 12411 12424 12451 12949 12957
522	STATE_522	Western Australia	rural	AST	1652 2157 4630 5175 7453 8130 8228 8243 10983
523	STATE_523	Papua	rural	AST	1222 1242 1283 1310 1389 2129 4289 4317 4329 4346 4393 4418 4635 5135 7305 7333 7349 7362 7365 7378 7409 7614 10147 10231 10248 10251 10260 10423 10954 10974 11004 11018 12107 12123 12135 12154 12193 12237 12240 12400 12428 12484 12931 12995
524	STATE_524	S.W Taiwan	large_town	JAP	1091 1175 4096 7186 7214 9955 11914 11959 12027 12068 13789 13790 13791 13792 13793 13794 13795
525	STATE_525	South Korea	town	JAP	1054 1081 1100 1148 1177 4004 4056 4086 4103 4126 7021 7121 7125 7175 7204 7221 9936 10036 10085 10110 10115 11912 11948 11958 11977 11992 12011 12060 12085 12089 13870
526	STATE_526	Okinawa	small_island	JAP	1123 7115 10124 11932
527	STATE_527	Pyongyang Area	town	JAP	848 852 898 906 912 959 978 1003 3803 3852 3860 3904 3912 3981 4052 4107 6822 6922 6928 6944 6963 7070 7155 7171 9790 9795 9899 9918 9981 10065 10083 11770 11775 11828 11835 11878 11896 11915 12040
528	STATE_528	Higo	large_city	JAP	1020 1025 1158 1183 4027 4102 4164 4198 7110 7178 9950 10011 10020 10092 11925 11949 12006 12032 13548 13549 13812 13813 13814 13840
529	STATE_529	Iwami	large_city	JAP	1092 1167 1191 4197 7050 7145 7212 9968 10052 10055 11946 11985
530	STATE_530	Iyo	large_city	JAP	4094 4179 7046 7197 9965 11997 12028 13815
531	STATE_531	Harima	metropolis	JAP	1051 1067 1133 1136 4054 4142 7072 7113 9985 11960 12031
532	STATE_532	Tokai	large_city	JAP	4069 4172 7087 7157 7187 10100 10125 12072 12097
533	STATE_533	Mutsu	large_city	JAP	1024 1063 1165 3848 4067 4118 4122 4153 6870 6873 6994 7169 9807 9859 9865 11847 12056 13826
534	STATE_534	Hokuriku	city	JAP	1117 9952 10128 11930 11989 12007
535	STATE_535	Echizen	large_city	JAP	998 7102 7217 10015 10032
536	STATE_536	Ezo	rural	JAP	1512 1642 3962 4576 4646 7532 7595 10444 10512 12352 12421 12493 13037
537	STATE_537	South Sakhalin	rural	JAP	1322 1820 12446
538	STATE_538	Central Congo	wasteland	BEL	988 6008 7219 7931 8016 8048 8193 10071 10883 10951 12741 12775 12824 13325 13326 13327 13328 13427 13785
539	STATE_539	Gabon	pastoral	FRA	2192 3109 5036 5139 8207 10948 13411 13415 13417 13418 13419 13422
540	STATE_540	Angola	rural	POR	697 1552 2126 4735 5158 7548 8054 8138 8202 8219 8248 10538 10966 12391 12958 12981 12985 13376 13377 13381 13444 13445 13446 13787
541	STATE_541	Namibian Desert	wasteland	SAF	2207 2229 4879 5154 5189 5203 7605 7770 8136 10957 10963 10978 12519 12921 13375 13378 13379 13380 13382 13383 13384 13385 13386 13388 13389 13390 13395 13401
542	STATE_542	Bechuanaland	wasteland	ENG	1580 8214 10525 12940 12963 13391 13392 13393 13396 13397
543	STATE_543	Madagascar	rural	FRA	2200 5128 5185 5222 8180 8188 8246 10993 11015 12956
544	STATE_544	Mozambique	rural	POR	2120 2123 2159 2180 2193 2202 2217 5155 5164 5177 5199 5212 5221 8178 8245 10972 12908 12935 12950 12971 12986 13342 13442
545	STATE_545	Rhodesia	pastoral	ENG	1874 2151 2216 4851 7842 7872 10929 13394
546	STATE_546	Tanganyika	rural	ENG	1846 2176 2196 2206 2220 4171 5180 5224 8144 8182 8183 8201 8205 9962 10845 10932 10988 11017 12911 12944 12967 13430 13431 13432 13433 13436 13439 13443
547	STATE_547	Kenya	rural	ENG	1939 2066 5079 5160 5196 5210 6020 8133 10761 10860 10962 10976 11145 12927 13435 13437
548	STATE_548	Uganda	rural	ENG	3854 7088 7133 8223 12929 12989 13434
549	STATE_549	Sudan	rural	ENG	1914 1953 1960 2016 2096 4033 4918 5060 7996 8052 8084 8103 10739 10764 10795 10827 10851 10857 10859 10877 10908 12744 12800 12887 13398 13399
550	STATE_550	Eritrea	rural	ITA	5017 5047 5091 12723 12766
551	STATE_551	Khartoum	rural	ENG	1977 2003 2046 2088 4138 4961 4963 7925 7987 7989 8105 10743 10745 10784 10900 10902 12725 12796 12806 12826 12836 12862 12881 13370
552	STATE_552	Western Desert	wasteland	ENG	1143 2064 7216 10127 10869 10907 12099 12733 12764 12816 13505 13521
553	STATE_553	Lebanon	town	FRA	792 1108 11919
554	STATE_554	Damascus	rural	FRA	1074 4111 4486 4550 7184
555	STATE_555	Kuril Islands	tiny_island	JAP	1399 1515
556	STATE_556	Ivory Coast	rural	FRA	2012 2044 4927 4957 5045 5101 7930 7954 8008 8116 10788 10812 10829 10915 12751 12794 12838 13274 13349 13350 13351 13402 13403
557	STATE_557	Mauritania	wasteland	TRZ	1897 1962 5034 5077 7943 7992 8035 8058 10771 10779 10814 10838 13371 13406 13449 13451 13470 13473 13474 13475 13476
558	STATE_558	Nigeria	rural	ENG	1891 1932 1969 1992 2025 2050 4889 4938 4952 4972 4997 5028 6039 7978 8021 8034 8109 10820 10831 11194 12731 12817 12900 13409 13413 13414 13421
559	STATE_559	Somaliland	rural	ITA	1964 1966 2020 2063 4909 5065 8164 10818 10891 10928 11014 12840 12941 12991
560	STATE_560	Nikolayevsk	rural	SOV	1724 1772 1807 1842 3664 4290 4841 4844 7748 7868 7871 9659 10571 10577 10590 12559 12569 12638 13811
561	STATE_561	Amur	rural	SOV	1730 1739 1845 4731 4847 7691 7754 7785 7851 10678 12543 12591 12657 12660 13810
562	STATE_562	Okhotsk	wasteland	SOV	1714 1805 1865 4810 4881 7772 10540 10572 10598 11607 12518 12551 12650 12683
563	STATE_563	Chita	rural	SOV	1672 1826 4675 4677 4719 4832 7725 7786 10559 10565 10574 10643 10681 10683 12556 12622 12641
564	STATE_564	Ulan Ude	rural	SOV	1696 4705 4766 4837 7751 7816 7835 7860 10528 10658 12507 12644
565	STATE_565	Bodaybo	rural	SOV	1666 1761 4716 4762 4795 4835 4868 7736 7759 7854 10583 10654 12506 12538 12575
566	STATE_566	Irkutsk	rural	SOV	1707 1727 1762 1810 1829 4797 4815 7838 10524 10543 10596 10661 12525 12540 12647
567	STATE_567	Bratsk	rural	SOV	1735 1803 1813 1876 4750 4808 7713 7769 7802 7841 7876 7902 10549 10562 10570 10664 10699 12523
568	STATE_568	Krasnoyarsk	town	SOV	1777 1850 4690 4711 4724 4782 4818 4853 7744 7815 10639 10712 12563 12621 12628 12691
569	STATE_569	Kemerovo	town	SOV	1369 1685 1702 1816 4665 4789 4793 7757 7822 7886 10580 10649 12631
570	STATE_570	Novonikolayevsk	town	SOV	1733 1790 1860 4366 4734 4806 4840 4866 7274 7687 7722 7825 10555 10652 12606 12679
571	STATE_571	Omsk	town	SOV	1709 1800 1835 4700 7800 10568 10626 10696 12546 12580 12652
572	STATE_572	Chelyabinsk	town	RUS	1233 1292 1294 1327 1775 4242 7285 9292 10170 10213 10542 12106 12157 12287 12584
573	STATE_573	Zlatoust	pastoral	RUS	237 278 361 3280 4758 7320 10136 10142 10329 11223 11307 12117
574	STATE_574	Yakutsk	wasteland	SOV	1748 1795 1852 1878 4726 4752 4798 4821 4855 7746 7765 7817 7844 7889 10589 10608 10641 10667 10701 10714 12565 12611 12623 12694
575	STATE_575	Kirensk	wasteland	SOV	1792 4703 4737 7726 7828 10557 10628 10688 12531 12608 12668 12681 13059
576	STATE_576	Yeniseisk	wasteland	SOV	1679 1697 1741 1780 1828 1837 4687 4743 4785 4831 4842 7701 7707 7750 7805 7863 10544 10576 10631 10705 12555 12595 12615 12655 12666
577	STATE_577	Surgut	wasteland	SOV	1726 1768 1784 1856 4730 4771 4817 7685 7781 7837 7882 10533 10561 10663 10692 12514 12542 12574 12639 12672
578	STATE_578	Tomsk	rural	SOV	1674 1718 1765 1824 4681 4767 4827 7655 7789 7793 7849 7861 10529 10613 10617 10673 10686 12174 12510 12536 12599
579	STATE_579	Salekhard	wasteland	SOV	1664 1684 3169 4669 7689 7738 8461 9142
580	STATE_580	Tobolsk	wasteland	RUS	1659 1744 1812 4710 4715 4746 4774 4846 7733 7768 7796 7867 7895 10592 10604 10620 12602 12630 12700
581	STATE_581	Northern Urals	wasteland	RUS	4874 7824 10216 10551 10677 11098 12393 12502 12659 13076
582	STATE_582	Magnitogorsk	rural	RUS	1334 1406 4215 4261 4265 4311 4383 4411 7281 7300 7328 7373 7401 10185 10196 10224 10256 12200
583	STATE_583	Kustanay	rural	RUS	1272 1276 1303 1331 1360 1363 4337 4340 4369 7233 7357 7429 10140 10168 10284 10295 10312 12115 12139 12143 12170 12185 12198 12229 12257 12266 12285
584	STATE_584	Khiva	pastoral	RUS	756 1493 1593 1632 1649 4482 4549 4563 4599 4958 5003 7477 7491 7560 7563 7618 7635 7924 8099 9605 10357 10359 10406 10414 10485 10510 10742 12333 12359 12491
585	STATE_585	Urgench	rural	RUS	1479 1532 1554 1576 1614 1623 4488 4499 4618 7501 7507 7541 10348 10395 10420 10435 10470 12161 12233 12324 12454 12465 12471 12474
586	STATE_586	Taraz	city	SOV	1591 1840 4773 4845 7706 10146 10547 10603 12640 12658
587	STATE_587	Ust Urt	rural	RUS	475 642 1517 3593 4523 4620 7641 10262 11701 12163 12383 13008
588	STATE_588	Semipalatinsk	rural	SOV	1287 1864 1879 4661 4670 4685 4867 7317 7350 7708 7890 10161 10202 10218 10235 10292 10584 10630 10653 12427 12564 12594 12616 12635
589	STATE_589	Ayaguz	pastoral	SOV	1239 1668 4651 4674 4764 7332 7405 7711 7784 7795 7856 10290 10550 10619 10680 12529 12662 13197
590	STATE_590	Akmolinsk	pastoral	SOV	1223 1229 1309 1375 1391 1418 1662 1680 1694 4232 4238 4281 4309 4333 4850 7298 7326 7383 7407 7425 7741 7874 10211 10239 10308 10633 12152 12619
591	STATE_591	Hainan	town	GXC	994 1038 1070 4160 7135 11963 11990
592	STATE_592	Guangzhou	city	GXC	1047 1087 1131 1187 4092 7039 7152 9963 11938 11941 12077 13727
593	STATE_593	Guangdong	town	GXC	1078 1120 1162 1202 4050 4165 4207 7067 7108 7141 7182 9938 9970 9978 9997 10080 12014 12095 13728
594	STATE_594	Nanning	town	GXC	1018 4023 4121 4177 7044 7137 7192 10004 10050 10105 11926 11983 12023 13726
595	STATE_595	Fujian	city	CHI	1006 1094 1138 1166 1193 4053 4070 4113 4169 4196 7027 7071 7099 7131 10010 10012 10042 10054 10069 10084 10093 11986 12057 12084 13729
596	STATE_596	Zhejiang	city	CHI	1055 1096 1168 1195 4013 4042 4099 7058 7086 7146 7174 7191 9944 9972 9974 10014 10058 10086 10101 11920 11947 11991 12059 13730 13731 13732
597	STATE_597	Shandong	town	CHI	1069 1084 1104 1124 1154 1184 1200 4037 4071 4089 4157 4181 4186 4205 7055 7089 7105 7160 7189 9971 9987 10000 10018 10043 10072 10102 11933 11962 12015 12045 12069 12074 12093 13737 13738 13739
598	STATE_598	Jiangsu	town	CHI	1001 1029 1076 1121 1161 4001 4005 4031 4082 4123 4148 7025 7142 7181 7200 9953 9956 10095 11913 11973 12055 12067 13736
599	STATE_599	Guangxi	town	GXC	1023 1469 1597 1625 4028 4077 4085 4134 4152 4628 4656 7095 7128 7168 7210 7650 10039 10121 10404 10431 10459 12407 12436
600	STATE_600	Jiangxi	town	CHI	1053 1066 1110 1628 3992 4038 4081 4083 4156 4183 4185 7004 7054 7172 7199 7653 9942 9984 10057 10112 10114 10501 11945 11961 11988 12030 12495
601	STATE_601	Xikang	wasteland	CHI	4407 5018 5080 5102 8041 8059 10741 10856
602	STATE_602	Hunan	town	CHI	1448 1640 4125 4480 7097 7159 7502 7665 9982 9999 10335 10377 10517 11918 12017 12053 12310 12350 12378 12483 13143
603	STATE_603	Guizhou	town	CHI	1474 1884 4192 4504 4532 5072 7521 7549 7577 8095 10616 10819 12841
604	STATE_604	Qinghai	rural	XSM	4914 4964 7940 8018 8037 12899
605	STATE_605	Sichuan	city	CHI	1257 1367 1395 1893 2030 2045 2091 4925 5048 6999 7240 7256 8026 10132 10144 11865 12274 12705 12767
606	STATE_606	Anhui	town	CHI	1083 1146 4079 4158 4203 7035 7094 7222 9937 10008 10017 10040 10064 10079 11916 11994 12036 12061
607	STATE_607	Henan	town	CHI	1004 1139 1603 4010 4066 4114 4144 4519 4547 4606 6932 7074 7085 7126 7129 7459 7508 7540 7568 7656 9958 9995 10098 10364 10434 10446 11931 12012 12426
608	STATE_608	Beijing	large_city	CHI	1134 4137 4140 6828 9843 9969 10068 11761 12026
609	STATE_609	East Hebei	town	JAP	900 1052 3830 3900 6969 11822 12043 13741 13742 13743
610	STATE_610	Jehol	pastoral	MAN	814 881 934 972 3814 3828 3881 3934 3955 4514 6837 6852 6898 6937 6988 7575 7633 9768 9873 9905 9927 10331 10426 10499 11801 11855 11886
611	STATE_611	South Chahar	pastoral	MEN	828 952 1137 1489 1590 4495 4612 6904 7545 7674 9776 10397 11752
612	STATE_612	Chahar	rural	MEN	1551 1608 1796 1811 1871 4222 4555 7578 7648 10363 10372 12348 12448 12554
613	STATE_613	Shanghai	large_city	CHI	996 1089 4091 7014 7120 10034 10076 11928 11982 12052 12076 13733 13734 13735
614	STATE_614	Hebei	town	CHI	1169 1188 4032 4058 4093 4190 4208 7000 7092 7109 10003 10022 10053 10119 11944 11980 11996 12062 13740
615	STATE_615	Shanxi	town	SHX	1027 1034 1180 1203 1438 1519 1531 1575 4074 4174 4469 4538 4634 7571 10367 10421 10480 10507 12078 12300 12344 12432
616	STATE_616	Alxa	pastoral	XSM	3742 5031 5057 5100 7511 8055 8081 8127 10724 10854 12327 12750 12776
617	STATE_617	Urumqi	rural	SIK	1703 4682 4709 4770 7702 7732 7792 7850 10545 10614 10839 12526 12601 12656
618	STATE_618	Dzungaria	pastoral	SIK	1708 1783 1818 1844 4714 4788 4823 4849 7693 7737 7866 10610 10674 10691 12590 12671 12737
619	STATE_619	Yarkand	pastoral	SIK	1766 1970 2015 4828 5016 5087 7790 7949 8112 12119
620	STATE_620	Hubei	city	CHI	1036 1612 4009 4130 4619 4631 7019 7167 7580 7596 7609 7625 7637 7948 8072 9934 9959 10462 10474 12408 12467
621	STATE_621	Suiyuan	pastoral	SHX	1959 2087 4525 4960 7048 7158 7631 10424 10451 10629 12331 12403 12609 12706 12880
622	STATE_622	Shaanxi	city	PRC	517 1458 3427 4939 4986 5007 7208 7314 7659 8049 10733 10880 12156 12356
623	STATE_623	Luzon	city	PHI	1388 1415 4101 4214 4233 4350 4368 4423 7325 7439 10167 10241 10252 10280 10298 12213 12253
624	STATE_624	Central islands	town	PHI	1372 4228 4288 4377 7307 10272 10306 12279
625	STATE_625	Samar	rural	PHI	1224 1311 1340 4269 4373
626	STATE_626	Palawan	rural	PHI	4429 7419 10145
627	STATE_627	Mindanao	rural	PHI	1234 1293 1379 1407 1421 4241 4266 4399 4427 7284 7360 7389 7417 7445 10184 10214 10243 10300 10328 12116 12158 12160 12188 12217 12245 12273
628	STATE_628	Cebu	rural	PHI	1261 1368 7385 7423 10186 10302 12112 12118 12153
629	STATE_629	Hawaii	town	USA	4180 7112 7195 10048 12021
630	STATE_630	Johnston Atoll	tiny_island	USA	13051
631	STATE_631	Midway Island	tiny_island	USA	13052
632	STATE_632	Wake Island	tiny_island	USA	13047
633	STATE_633	Marshall Islands	small_island	JAP	1002 13039 13040 13041 13042 13043 13044 13045 13046
634	STATE_634	Solomon Islands	rural	AST	1042 1085 1269 1358 1370 4226 4252 4292 4378 7437 10234 10291 10319 12265
635	STATE_635	New Caledonia	small_island	FRA	1237 1263 4231 4247 4268 7264 10160 12120 12132
636	STATE_636	Fiji	small_island	ENG	4286 7302 12159
637	STATE_637	Kamchatka	rural	SOV	1823 1839 1863 4728 7878 12207 12522
638	STATE_638	Guam	small_island	USA	12140
639	STATE_639	Gilbert Islands	small_island	ENG	4387 7393 13020 13021 13022
640	STATE_640	Mandalay	town	RAJ	1082 1170 1197 1492 1566 1607 1934 2061 4087 4210 4318 4425 4585 4588 4996 7400 7469 7562 7603 7976 8063 10386 10486 10863 10920 12335 12363 12404 12464 12492 12789 12898
641	STATE_641	Tahiti	small_island	FRA	10188 12148
642	STATE_642	Phoenix Island	tiny_island	USA	13050
643	STATE_643	Ellice Islands	small_island	ENG	13054 13055 13056 13057
644	STATE_644	Northeast Siberia	rural	SOV	1722 1745 1819 2853 2877 3184 4006 4229 4455 4744 4878 5264 6211 12549 12592 12634 13061 13062 13063 13204
645	STATE_645	Iwo Jima	small_island	JAP	13025
646	STATE_646	Saipan	small_island	JAP	3995 13023 13024
647	STATE_647	Palau	small_island	JAP	4357 12103
648	STATE_648	Marcus Island	tiny_island	JAP	13026
649	STATE_649	Galapagos Islands	tiny_island	ECU	5023
650	STATE_650	Attu Island	tiny_island	USA	13067
651	STATE_651	Ufa	city	RUS	273 291 1258 1278 1305 3289 4283 4354 6246 6285 7237 7416 7431 7444 9349 10226 12130 12172
652	STATE_652	Orenburg	city	RUS	227 1210 1254 1350 1378 3265 3330 3357 3385 3486 3563 4322 4324 6379 6424 6515 7343 9420 9445 10299 11433 12128 12242 12270 12298
653	STATE_653	Yekaterinburg	city	RUS	307 1543 1704 1750 1771 1808 1821 1841 4813 7228 7778 9553 10133 10189 10648 10716 10720 12102 12567 12696
654	STATE_654	Gorno-Altaysk	wasteland	SOV	1749 4781 4800 10531 10713 12509
655	STATE_655	North Sakhalin	pastoral	SOV	855 1742 1755
656	STATE_656	Kuwait	rural	ENG	8085
657	STATE_657	Birobidzhan	pastoral	SOV	675 1802 4246 4701 4725 4779 4805 4829 7616 7672 7763 7801 10655 10722 12192 12261 12263 12654 12678 13805 13806 13807 13808 13809
658	STATE_658	Abu Dhabi	pastoral	ENG	2048 7960 8108 10904
659	STATE_659	Aden	pastoral	ENG	2029 4976 5074 8000 12821 12894 13079 13770 13771 13773
660	STATE_660	Waddai	pastoral	FRA	1974 2080 3165 5054 5084 8078 9137 11012 11108 12719 12830 13353 13423
661	STATE_661	Tripolitania	wasteland	ITA	1174 4051 4117 4176 7154 7194 10037 10067 11940 12009 13482
662	STATE_662	Sirte	wasteland	ITA	4200 7076 7136 8069 13073 13479
663	STATE_663	Cyrenaica	wasteland	ITA	1062 1186 4060 4063 4133 7063 7139 7206 9977 10049 12025 12079 13078
664	STATE_664	Upper Hungary	town	HUN	3565 3716 6561 6573 9537 11679
665	STATE_665	Gabes	pastoral	FRA	1105 3987 4992 7005 9983 10026 10082 11935 11957 12000
666	STATE_666	Lappland	rural	SWE	11 58 61 101 109 118 145 148 151 182 190 201 3003 3044 3054 3062 3095 3100 3104 3113 3138 3173 3179 6024 6055 6074 6083 6125 6132 6152 6155 6161 6165 6168 6170 6200 6206 6208 9083 9093 9095 9108 9134 9143 9147 9175 9178 9186 9211 9220 9226 11026 11058 11060 11067 11069 11073 11102 11112 11152 11155 11190 11201 11208
667	STATE_667	Lesser Sunda Islands	rural	INS	1298 1339 1355 4273 4301 4358 7293 7321 10175 10191 10219 12151 12162 12219 12234 13746 13747 13748 13749 13750 13751 13752
668	STATE_668	The Moluccas	pastoral	INS	1351 1419 1437 1574 7369 7413 7557 10141 10342 10409 13760
669	STATE_669	West Papua	pastoral	INS	1546 1602 1617 1629 4468 4509 4524 4552 4593 7269 7487 7512 7529 7542 7570 7585 7627 8235 8250 10369 10396 10436 10505 10990 12315 12371 12386 12457 13754 13756 13757
670	STATE_670	Laos	pastoral	FRA	1362 1374 1390 1464 1507 1520 1563 1577 1592 4260 4339 4529 4539 4554 4568 4613 7075 7103 7218 7356 7426 7909 7974 9961 9988 10103 10195 10238 10326 10330 10413 10453 10456 10496 10776 12210 12332 12392 12433
671	STATE_671	Tonkin	town	FRA	1073 1157 1185 1248 1302 4075 4119 4255 4379 4397 7015 7093 7229 7280 7518 9948 10016 10075 10129 10137 10180 10309 11909 11936 12008 12048 12065 12075 12297
672	STATE_672	Sumatra	town	INS	1246 1274 1277 1313 1332 1342 1345 1373 1401 1428 1460 1533 1648 4211 4276 4320 4361 4364 4381 4446 4652 7308 7327 7368 7384 7396 7440 7463 7658 7673 8360 10150 10194 10209 10225 10294 10322 10354 10382 10509 10522 12126 12138 12165 12168 12181 12184 12209 12212 12268 12296 12302 12343 12415 12488 13755 13758 13759 13761 13763 13765 13766 13767 13768 13836
673	STATE_673	Sulawesi	town	INS	1098 1289 1484 1505 1518 1561 1589 4262 4307 4308 4349 4493 4537 4564 7311 7336 7598 10153 10169 10197 10222 10263 10450 10464 12330 12358 12444 13753
674	STATE_674	Central Australia	wasteland	AST	1498 1511 1540 2133 2177 2186 2201 2205 2221 2223 4645 5125 5138 5170 5206 7579 7608 7623 8134 8152 8155 8206 8237 10336 10473 10936 10950 10955 10971 10979 10991 11013 12323 12904 12906 12912 12915 12926 12936 12992 12993 13438
675	STATE_675	Al Hajara	wasteland	IRQ	1631 4951 10744 12879
676	STATE_676	Mosul	town	IRQ	1600 1938 3916 5014 6826 8123 10106 10793 10804 10811 12372
677	STATE_677	Aleppo	town	FRA	1056 1072 1088 7140 7671 10087 12029 12473
678	STATE_678	Rub al Khali	wasteland	SAU	4932 5081 8030 8051 8118 10870 12740 12768
679	STATE_679	Hejaz	pastoral	SAU	1033 1923 2027 2033 2090 2095 4981 5006 5037 7934 8073 8092 10748 10786 10835 12101 12758 12883
680	STATE_680	Deir-az-Zur	wasteland	FRA	901 1549 1578 1606 1634 2013 3942 6883 7513 10383 10882 12316 12442
681	STATE_681	Cape	town	SAF	1509 4528 4822 10415 10442 10697 12419 12547 12589 12692 13238 13239 13706 13707 13709 13716
682	STATE_682	Northern Ontario	rural	CAN	602 777 1299 1769 1782 4775 4784 4869 4875 6510 7366 7794 7899 9467 9480 9740 10621 10718 11571 12278 12582 12701 13094
683	STATE_683	Northeastern Canada	wasteland	CAN	761 763 2947 3736 4753 5239 6728 7185 7782 9615 10585 10605 10721
684	STATE_684	Caroline Islands	small_island	JAP	2489 13027 13028 13029 13030 13031 13032 13033 13034 13035 13036
685	STATE_685	Panama Canal	enclave	USA	7617
686	STATE_686	Puerto Rico	rural	USA	1440 4155
687	STATE_687	British Guyana	pastoral	ENG	4982 8107
688	STATE_688	Chaco Boreal	pastoral	PAR	2195 2209 5165 8203 10973 13566 13573 13575
689	STATE_689	Jamaica	town	ENG	12304 12477
690	STATE_690	Northern Bahamas	tiny_island	ENG	4647 7245 10254
691	STATE_691	Trinidad	rural	ENG	3284 13012
692	STATE_692	Windward Islands	small_island	ENG	379 11106 11350 13009
693	STATE_693	Southern Bahamas	tiny_island	ENG	1513 10440
694	STATE_694	French Caribbean	rural	FRA	177 9377 13084
695	STATE_695	Curacao	rural	HOL	153
696	STATE_696	Bermuda	small_island	ENG	13010
697	STATE_697	Madeira	small_island	POR	3118
698	STATE_698	Azores	small_island	POR	1751
699	STATE_699	Rio de Oro	wasteland	SPR	4920 5012 7979 8038 8111 10875 13464 13465 13466 13467 13468 13469 13471 13472
700	STATE_700	Sierra Leone	pastoral	ENG	2038 2094 13224
701	STATE_701	Gambia	enclave	ENG	4989
702	STATE_702	Cape Verde	small_island	POR	13014
703	STATE_703	Ascension	tiny_island	ENG	13013
704	STATE_704	Saint Helena	tiny_island	ENG	13016 13881
705	STATE_705	Sao Tome	tiny_island	POR	13015
706	STATE_706	Reunion	small_island	FRA	13017
707	STATE_707	Mauritius	small_island	ENG	13018
708	STATE_708	Comoro Islands	small_island	FRA	13072
709	STATE_709	Seychelles	small_island	ENG	2188
710	STATE_710	Diego Garcia	tiny_island	ENG	13019
711	STATE_711	Christmas Island	tiny_island	ENG	13005
712	STATE_712	Cocos Islands	tiny_island	ENG	13002
713	STATE_713	Kerguelen	tiny_island	FRA	2165
714	STATE_714	Heilungkiang	pastoral	MAN	1502 1545 1588 1645 1693 1732 1847 4506 4592 4649 4809 4876 7526 7582 7613 7767 7832 7848 7873 7894 7897 10368 10379 10675 10698 12485 12548 12618 13804
715	STATE_715	Liaoning	town	MAN	916 930 1499 1508 1558 1627 1638 3877 3978 4561 4633 4642 6893 7812 9831 10429 11836 11903 12337 12469 12478
716	STATE_716	Liaotung	city	MAN	836 846 892 964 987 3783 3839 3849 3895 3970 6804 6860 6910 6918 6951 6981 9781 9788 9835 9854 9885 11764 11771 11808 11815 13744
717	STATE_717	Sungkiang	pastoral	MAN	783 810 944 973 1571 3791 3815 3843 3944 4551 5427 6806 6811 6863 6964 7569 7670 9623 9766 9798 9897 10215 10376 10463 10503 10519 10521 11893 11906 12342 12355 12443 12482 12500
718	STATE_718	Ndkala	pastoral	BEL	1181 1950 2034 2073 2154 4941 6027 7161 10766 11934 12783 12808 12847 13426 13428 13429
719	STATE_719	Natal	city	SAF	1468 1494 1833 4584 4696 7576 13337 13338 13339 13340 13341 13718
720	STATE_720	South Georgia	tiny_island	ENG	10995
721	STATE_721	Portuguese Timor	pastoral	POR	1326 12178 12190 12206 13001
722	STATE_722	Petsamo	enclave	FIN	6012 6183 9140 11142
723	STATE_723	South Island	rural	NZL	2197 2203 2211 4819 5195 7839 8204 8212 8232 8241 10650 12632 12966 12974 12980 12988
724	STATE_724	Northern Malay	rural	SIA	1279 1281 1296 1308 1337 1366 1394 4275 4297 4312 4371 4388 4392 7236 10156 10158 10217 12122 12131 12201 12220 12230 12286 12292
725	STATE_725	Nauru	tiny_island	ENG	13038
726	STATE_726	Samoa	small_island	NZL	7290 13080
727	STATE_727	Line Islands	small_island	USA	13048 13049 13053
728	STATE_728	Guangzhouwan	enclave	FRA	11981
729	STATE_729	Macau	enclave	POR	4189
730	STATE_730	St Pierre and Miquelon	tiny_island	FRA	373
731	STATE_731	Southern Macedonia	town	OTT	895 936 966 3526 3844 3936 10163 11818 13868
732	STATE_732	Kokand	wasteland	SOV	1483 1675 1825 2058 4224 4316 4391 4467 4768 4923 5062 10408 10530 10660 12370 12511 12581 12583
733	STATE_733	Andaman	small_island	ENG	10321 12251 13838
734	STATE_734	Nendo	tiny_island	FRA	7390
735	STATE_735	Savoy	town	FRA	611 764 778 3764 3961 6609 6975 9603 9736 9745 11573
736	STATE_736	Istria	city	AUS	599 6626 11595 11735 13799 13841
737	STATE_737	Bismarck	rural	AST	1286 1301 1329 1361 4304 4332 4352 4421 7251 7324 7339 7352 7412 10166 10206 12222
738	STATE_738	Aru Islands	rural	INS	4579
739	STATE_739	Haida Gwaii	rural	CAN	1869
740	STATE_740	Vancouver Island	rural	CAN	1214 1420 7259 12259 12272
741	STATE_741	Cambodia	town	FRA	1324 1353 1620 4251 4302 4330 4359 4596 4639 7319 7376 7404 7432 7645 10134 10177 10204 10289 10317 10467 12167 12191 12260 12288 12447 12460 12475
742	STATE_742	Dushanbe	wasteland	SOV	1216 1384 1919 4542 7224 8027 10187 10417 12218 12250 12430 12805
743	STATE_743	West Banat	town	HUN	614 3614 6643 11787
744	STATE_744	Baden	town	CHI	1976 2006 4167 4256 4295 5092 7301 7406 7418 10257 12713
745	STATE_745	Oldenburg	large_town	JAP	1150 6851
747	STATE_747	Bloemfontein	city	OFS	5231 13240 13241 13244 13246 13247 13714
748	STATE_748	Northern Dobrudja	pastoral	CHI	1010 4141 4325 4431 9939 10763 11972
749	STATE_749	Suez	town	CHI	1099 1125 1153 1171 4105 4173 7007 7104 10044 11937 12019
750	STATE_750	South Kuril Islands	town	CHI	4041 4896 5030 7101 7201 7279 7434 10006 10304 10757 10822 12086 12414
751	STATE_751	Roma	pastoral	CHI	1999 2067 4375 4559 4937 7294 7965 8126 9966 10726 10841 12141 12819
752	STATE_752	Southern Nile	pastoral	CHI	1918 4999 7988 8104 10903 12724 12837
754	STATE_754	Gwalior	rural	XSM	1882 4536 4888 7270 10490 10787 10817 11448 12732 12815
755	STATE_755	Rewa	pastoral	XSM	2053 2099 7997 10750 10796 10834 10865 12846 12890
756	STATE_756	Oudh	wasteland	XSM	1778 2028 4783 5076 7727 7803 7971 8102 10770 10899 12596 12820
757	STATE_757	Malabar	rural	TIB	1991 2014 2098 4900 5033 8121 12807 13490 13491
758	STATE_758	Travancore	pastoral	TIB	1961 5042 5094 8029 10802 12784 12801
759	STATE_759	Bikaner	wasteland	SIK	1698 1838 1943 2074 4947 5736 10315 12524
760	STATE_760	Kru	rural	KRU	13205 13207 13208 13209 13210 13211 13212 13213 13214 13215 13217 13219 13221
761	STATE_761	Man	pastoral	MAN	1776 4745 4852 7697 7743 10541 10567 10612 10638 12537 12690 13150
762	STATE_762	Bong	rural	MND	1909 5039 13283
763	STATE_763	Central Africa	rural	WDD	13355
765	STATE_765	Kailahun	pastoral	KOY	13225 13227 13231 13233 13234
766	STATE_766	Koinadugu (Russian Empire)	rural	RUS	3701 3704 6727 6743 13679 13680 13682
767	STATE_767	Bombali	pastoral	MNH	13222 13226 13228 13229 13230 13232 13235
768	STATE_768	Togo	rural	DAH	1951 12843 13669
769	STATE_769	Benin	rural	DAH	10919 12762 12874
770	STATE_770	Niger	rural	DDI	1975 2056 12707
771	STATE_771	Northern Mali	rural	TUG	1115 2068 10725 10868 13372 13373 13374 13450
772	STATE_772	Burkina Faso	rural	MOS	2001 7950 7983 8071 10836 12851
773	STATE_773	Guinea	rural	MNH	13387
774	STATE_774	Mali	pastoral	FRA	1473 1883 1993 2081 3123 3181 4897 4902 4978 5136 7919 7963 9152 13352 13354 13356 13357 13358 13359 13360 13361
775	STATE_775	Vrede	rural	OFS	12064 13250 13252 13253 13254 13255 13256 13703 13704
776	STATE_776	Adam Kok se Land	rural	OFS	13236 13237 13242 13243 13257
779	STATE_779	Setsoto	pastoral	FRA	5070 8122 10762 10803 13220 13278 13346 13348
780	STATE_780	Winburg	rural	OFS	13245 13248 13249 13251
783	STATE_783	Thaba Bosiu	rural	SOT	4556 13258 13260 13261 13262 13265 13267 13269
784	STATE_784	Basutoland	rural	SOT	13259 13263 13266 13268 13270 13717
785	STATE_785	Vatican City	town	FRA	454 3402 3447 6585 9561 11420 11549
787	STATE_787	San Marino	rural	RAJ	1910 2041 2084 10821
788	STATE_788	Senari	rural	KOG	5013 8065 13271 13272 13273 13275 13276 13277 13279 13280 13281 13282 13284 13286 13287 13288 13289 13290 13291 13292 13293 13783 13784
790	STATE_790	Port-de-Paix	large_town	SPR	3729 3744 6749 9719 11707 13218
791	STATE_791	Sarata	rural	SPR	4024
792	STATE_792	Ankole	rural	NKO	13311 13312 13313 13314 13424
794	STATE_794	Anziku	pastoral	SPR	13223
795	STATE_795	Laristan	rural	POR	844 3846 3886 3926 6986 9869 11768 13366
796	STATE_796	West Aro	rural	ARO	13329 13330 13331
798	STATE_798	Opobo	rural	ARO	13332
800	STATE_800	Aro	rural	ARO	13333 13334 13335 13336
801	STATE_801	Schleswig (Hamburg)	large_city	HAM	9347
802	STATE_802	Schleswig (Lubeck)	large_city	LUB	11331
803	STATE_803	Schleswig (Oldenburg)	large_city	OLD	13664
804	STATE_804	Brandenburg (Anhalt)	megalopolis	ANH	6487 9560
805	STATE_805	Mecklenburg-Schwerin (Mecklenburg-Strelitz)	town	MKT	268
806	STATE_806	Hannover (Brunswick)	large_city	BRU	526 11468
807	STATE_807	Saxony (Saxony)	metropolis	SXY	573 6559 9441 9471 11481
808	STATE_808	Weser-Ems (Oldenburg)	city	OLD	241 336 13562
809	STATE_809	Weser-Ems (Bremen)	city	BRE	309
810	STATE_810	Westphalia (Schaumburg-Lippe)	large_city	SLP	405
811	STATE_811	Westphalia (Lippe)	large_city	LIP	3355
812	STATE_812	Westphalia (Waldeck-Pyrmont)	large_city	WLD	9443
813	STATE_813	Eastern Hesse (Hesse)	large_city	HES	589 6549 9486 11560
814	STATE_814	Eastern Hesse (Baden)	large_city	BDN	3574
815	STATE_815	Franken (Saxe-Meiningen)	city	SMN	13116
816	STATE_816	Franken (Saxe-Coburg and Gotha)	city	SCG	6421
817	STATE_817	Palatinate (Bavaria)	metropolis	BAV	563 3558 11547
818	STATE_818	Palatinate (Oldenburg)	metropolis	OLD	3423
819	STATE_819	Wurttemberg (Baden)	large_city	BDN	3530 3679 3692 6542 6568 6712 11640
820	STATE_820	Wurttemberg (Prussia)	large_city	PRU	6934 9517
821	STATE_821	Thuringia (Saxe-Weimar-Eisenach)	large_city	WEI	6524
822	STATE_822	Thuringia (Saxe-Coburg and Gotha)	large_city	SCG	13408
823	STATE_823	Thuringia (Saxe-Meiningen)	large_city	SMN	482
824	STATE_824	Thuringia (Saxe-Altenburg)	large_city	SAT	6501
825	STATE_825	Thuringia (Reuss Elder Line)	large_city	REU	9497
826	STATE_826	Thuringia (Reuss Younger Line)	large_city	RYL	538
827	STATE_827	Thuringia (Schwarzburg-Sondershausen)	large_city	SWS	3500
828	STATE_828	Thuringia (Schwarzburg-Rudolstadt)	large_city	SWR	425
829	STATE_829	West Bosnia (Croatia-Slavonia)	town	CRO	6614 6619 13880
830	STATE_830	Morava (Ottoman Empire)	town	OTT	3922 6940 9849 9874 9890 11832 13864
831	STATE_831	Ipek (Ottoman Empire)	rural	OTT	6913 13775 13776 13777
832	STATE_832	Ipek (Serbia)	rural	SER	937
833	STATE_833	Tarevo (Ottoman Empire)	city	OTT	878 893 9818 9862 13856 13857 13858
834	STATE_834	Moldova (Russian Empire)	rural	RUS	723 3724
835	STATE_835	Koinadugu (Romania)	rural	ROM	687
836	STATE_836	Northern Greece (Greece)	town	GRE	1106 1205 9916 11786 11895 12001
